coin,target,toplam_veri,train_sayisi,test_sayisi,mae,mse,r2,train_mae,train_mse,train_r2,test_mae,test_mse,test_r2,r2_gap
AMP,close,1922,1345,577,0.000887266367462924,7.675897365520518e-05,-37.92208310288823,0.0009338634524499919,5.229318772190288e-06,0.9875561684903053,0.000887266367462924,7.675897365520518e-05,-37.92208310288823,38.90963927137854
DAI,close,2142,1499,643,0.000582272044478138,3.601088446770603e-06,-6.94828641939519,0.0013045945308906035,1.12354496268858e-05,0.6529399952084047,0.000582272044478138,3.601088446770603e-06,-6.94828641939519,7.601226414603595
USDC,close,2598,1818,780,0.00014947891552216552,7.673566442785298e-08,-0.25881015619806114,0.0008533662420177224,6.473082982240351e-06,0.6157685574574576,0.00014947891552216552,7.673566442785298e-08,-0.25881015619806114,0.8745787136555188
USDT,close,3247,2272,975,0.0002518092445186641,2.4021001324701535e-07,0.32414078688405223,0.002044157483502365,2.9410073247108047e-05,0.7225571661161454,0.0002518092445186641,2.4021001324701535e-07,0.32414078688405223,0.39841637923209317
USDD,close,1351,945,406,0.0027058005608579356,2.1696237428415613e-05,0.6189938726247426,0.0016450787163284494,9.448140227054493e-06,0.8431980808130171,0.0027058005608579356,2.1696237428415613e-05,0.6189938726247426,0.22420420818827447
SYRUP,close,1033,723,310,0.8510635849198391,1.8044148561888336,0.8858264286350344,0.5066556784957642,0.7326130411451993,0.9810246005478617,0.8510635849198391,1.8044148561888336,0.8858264286350344,0.09519817191282731
ZEN,close,3154,2207,947,0.43644138160330237,0.6363907452899921,0.8963744250171448,1.3734889976774434,9.362768283439598,0.9867749605792429,0.43644138160330237,0.6363907452899921,0.8963744250171448,0.09040053556209804
CAKE,close,1942,1359,583,0.09121644879888376,0.02572369547790576,0.8992660007500908,0.32462411504196986,0.5979751229681025,0.98877491590914,0.09121644879888376,0.02572369547790576,0.8992660007500908,0.08950891515904924
CVX,close,1458,1020,438,0.15764863244756624,0.0839963958239592,0.9134772214272869,0.27582200030511655,0.3521664489510664,0.9921137575757362,0.15764863244756624,0.0839963958239592,0.9134772214272869,0.07863653614844923
SUN,close,1350,944,406,0.000494829735760979,7.646495862049523e-07,0.9078455308696286,0.00033280094117166964,6.070361928971796e-07,0.9830795706715421,0.000494829735760979,7.646495862049523e-07,0.9078455308696286,0.07523403980191345
ICP,close,1720,1204,516,0.5991221406244657,0.441322842726965,0.9172117949159166,1.4001846520464643,18.118647373479604,0.9789580577020073,0.5991221406244657,0.441322842726965,0.9172117949159166,0.06174626278609063
GLM,close,1352,946,406,0.008532069863525879,0.00017966424911278623,0.9064008848727129,0.010276396413753008,0.0003789434428358495,0.9644589462782912,0.008532069863525879,0.00017966424911278623,0.9064008848727129,0.05805806140557834
DCR,close,3794,2655,1139,0.6562063013105617,1.4617240055595606,0.9361303871010046,1.8296997264153503,13.856565410781519,0.9933182940759261,0.6562063013105617,1.4617240055595606,0.9361303871010046,0.05718790697492149
NFT,close,1479,1035,444,6.302879479991254e-09,1.8402337468829553e-16,0.9402055580038249,1.5891577942221516e-08,1.2358076191332463e-15,0.9948338618181257,6.302879479991254e-09,1.8402337468829553e-16,0.9402055580038249,0.05462830381430084
COMP,close,2045,1431,614,1.663888413888767,10.132817217432185,0.9452099692649976,7.813769545656228,254.0587388069667,0.9896199595610347,1.663888413888767,10.132817217432185,0.9452099692649976,0.044409990296037094
YFI,close,2009,1406,603,194.17975480527394,98825.52711858122,0.939551213277867,885.0462824604007,3412450.763811272,0.9809065363305259,194.17975480527394,98825.52711858122,0.939551213277867,0.04135532305265899
UNI,close,1955,1368,587,0.30210656652704426,0.2543504831606439,0.9485962632704968,0.5063166616686545,0.9258597805266893,0.9880400095325684,0.30210656652704426,0.2543504831606439,0.9485962632704968,0.03944374626207159
TRAC,close,1351,945,406,0.023276868306509067,0.001142886518741625,0.8803109124616993,0.0333464308339587,0.007583887704124327,0.9181861512459707,0.023276868306509067,0.001142886518741625,0.8803109124616993,0.03787523878427135
QNT,close,2545,1781,764,2.8853342398989934,18.82381185507975,0.9565320858143137,2.857212633387392,37.10295215627297,0.9932710807954491,2.8853342398989934,18.82381185507975,0.9565320858143137,0.03673899498113542
1INCH,close,1842,1289,553,0.010749042735254065,0.00027678457221454075,0.950960832279075,0.07767126686731039,0.03010432744266452,0.9866979902642671,0.010749042735254065,0.00027678457221454075,0.950960832279075,0.03573715798519206
CRO,close,2506,1754,752,0.004163713744122401,7.15090479775468e-05,0.9602781656046621,0.005312286908166334,0.00014803062521380318,0.9911507885903751,0.004163713744122401,7.15090479775468e-05,0.9602781656046621,0.030872622985713027
SAND,close,1983,1388,595,0.011730566441993039,0.0005561832741928681,0.9601505982389711,0.04811723343229365,0.015262271158959721,0.9907945238692799,0.011730566441993039,0.0005561832741928681,0.9601505982389711,0.03064392563030882
FTT,close,2359,1651,708,0.06771071396595167,0.011505558394552674,0.9658891565448875,0.6211750363293655,1.8174639985802172,0.9951318622880023,0.06771071396595167,0.011505558394552674,0.9658891565448875,0.029242705743114827
SOL,close,2115,1480,635,4.999335328387085,46.051078909950206,0.9659466762613064,2.2835473045465857,19.080956834051413,0.9942823145463874,4.999335328387085,46.051078909950206,0.9659466762613064,0.02833563828508101
LTC,close,4473,3131,1342,2.2070134609893075,11.380163831359257,0.9660738570689422,2.7485953980111315,38.81254864953337,0.9916583529056365,2.2070134609893075,11.380163831359257,0.9660738570689422,0.02558449583669431
DASH,close,4299,3009,1290,1.379272807837485,6.494782401151761,0.9664721154735567,5.840022202115905,236.37191846171856,0.9918663396541325,1.379272807837485,6.494782401151761,0.9664721154735567,0.025394224180575797
IOTA,close,3147,2202,945,0.009884134895049065,0.0001928061194723047,0.9580739771053202,0.038711005435375506,0.008372277219832344,0.9828152550952858,0.009884134895049065,0.0001928061194723047,0.9580739771053202,0.024741277989965615
SNX,close,1452,1016,436,0.06304249821258294,0.012552131599119486,0.9485035411110675,0.12017516291253207,0.032781439972236134,0.972185389311052,0.06304249821258294,0.012552131599119486,0.9485035411110675,0.023681848199984534
GALA,close,1577,1103,474,0.0010108302047398532,2.9519428738789572e-06,0.9630727946507457,0.004670786493869179,0.00017632711627528876,0.9864631235997211,0.0010108302047398532,2.9519428738789572e-06,0.9630727946507457,0.023390328948975414
ALGO,close,2399,1679,720,0.007490172749441523,0.00015678924982869815,0.96642194787484,0.025155986718926635,0.0025150657751110608,0.9893800624467068,0.007490172749441523,0.00015678924982869815,0.96642194787484,0.022958114571866806
XTZ,close,2760,1931,829,0.02817479104357889,0.002174809409344265,0.9647860781835469,0.0972752423426015,0.03293250521669539,0.9863002557887507,0.02817479104357889,0.002174809409344265,0.9647860781835469,0.0215141776052038
LINK,close,3038,2126,912,0.4997993071772774,0.526232715048251,0.9723035659863908,0.40114276993905057,0.7372913918176024,0.9923708952089562,0.4997993071772774,0.526232715048251,0.9723035659863908,0.020067329222565378
CFX,close,1351,945,406,0.004433746364001867,7.633813611962455e-05,0.9601293722562113,0.008004862900313133,0.00019904124190371855,0.9800960189673864,0.004433746364001867,7.633813611962455e-05,0.9601293722562113,0.019966646711175096
BAT,close,3157,2209,948,0.006442243588677645,9.10079027389162e-05,0.9648261048111985,0.018444484351155307,0.0012605757708917785,0.9847513044436745,0.006442243588677645,9.10079027389162e-05,0.9648261048111985,0.019925199632476076
MANA,close,2110,1477,633,0.01147043562859466,0.0003551972703916063,0.9698756780956284,0.03737833345170458,0.008018360556108788,0.9897493359953701,0.01147043562859466,0.0003551972703916063,0.9698756780956284,0.019873657899741715
FLOW,close,1822,1275,547,0.024890517423867102,0.0011208929592527496,0.9726113293942128,0.3223084926842887,0.641320715915324,0.9919570124356417,0.024890517423867102,0.0011208929592527496,0.9726113293942128,0.019345683041428918
WEMIX,close,1351,945,406,0.02433208559550004,0.0014471246208594322,0.9589103866089638,0.06711320668642995,0.015877871921012685,0.9781727870917754,0.02433208559550004,0.0014471246208594322,0.9589103866089638,0.01926240048281158
ZRX,close,1374,961,413,0.008936155018714899,0.0002635385876894176,0.9529713473068622,0.014127160330041032,0.0008002309915243513,0.9705884112205277,0.008936155018714899,0.0002635385876894176,0.9529713473068622,0.017617063913665576
AVAX,close,1949,1364,585,0.8054524923691221,1.605681235062421,0.9725215243205737,1.4833868713342455,7.118638029283728,0.9900555533412732,0.8054524923691221,1.605681235062421,0.9725215243205737,0.01753402902069945
XCN,close,1351,945,406,0.0005454039284665622,7.929831568003959e-07,0.9748715838311793,0.0008766644892876735,9.989291140065205e-06,0.9921952736727914,0.0005454039284665622,7.929831568003959e-07,0.9748715838311793,0.017323689841612033
ADA,close,2947,2062,885,0.01823987053838269,0.0009681507778727791,0.9773197825534988,0.019797784972120296,0.0020307748789752432,0.9942848741242396,0.01823987053838269,0.0009681507778727791,0.9773197825534988,0.016965091570740776
INJ,close,1351,945,406,0.42840641274206775,0.36994089177882133,0.975877065617078,0.6317493910061941,1.2616902748070928,0.9917654400629791,0.42840641274206775,0.36994089177882133,0.975877065617078,0.015888374445901077
DOT,close,1979,1385,594,0.15102846761162061,0.06429382163778603,0.9740084400797576,0.5968441837496372,1.3579761661682337,0.9898335006720922,0.15102846761162061,0.06429382163778603,0.9740084400797576,0.015825060592334572
NEXO,close,2804,1962,842,0.022028255676796445,0.0009655892422966204,0.9790551261759162,0.030483367371670688,0.004682712815081614,0.9941879533920776,0.022028255676796445,0.0009655892422966204,0.9790551261759162,0.015132827216161382
GNO,close,1486,1040,446,4.193442010622364,40.436659122036005,0.9754054284483069,5.9112013206977245,99.55157277564884,0.9900835033480854,4.193442010622364,40.436659122036005,0.9754054284483069,0.01467807489977846
CRV,close,1989,1392,597,0.03505012944444909,0.002079797741566543,0.9569199746156261,0.10112575103678065,0.04337403490057224,0.9706941997176601,0.03505012944444909,0.002079797741566543,0.9569199746156261,0.013774225102034077
RAY,close,1351,945,406,0.11820503510439569,0.03481294980208032,0.9737573376603692,0.05598216153955239,0.017215846005607962,0.9874487232399333,0.11820503510439569,0.03481294980208032,0.9737573376603692,0.013691385579564064
VET,close,2730,1910,820,0.000931858974301507,2.36677758398744e-06,0.9776834855560608,0.001634991078228435,1.587059079687266e-05,0.9909886378008245,0.000931858974301507,2.36677758398744e-06,0.9776834855560608,0.013305152244763696
MX,close,1351,945,406,0.03753244710309248,0.0032303658045465884,0.9820171146048396,0.05154098477689664,0.0067968188239401735,0.9950494415695379,0.03753244710309248,0.0032303658045465884,0.9820171146048396,0.013032326964698249
ETC,close,3468,2427,1041,0.5991193845292858,0.8710107196964829,0.9719614231450959,0.8804927177134985,4.520329472565442,0.9843323325550746,0.5991193845292858,0.8710107196964829,0.9719614231450959,0.012370909409978648
HNT,close,2121,1484,637,0.1566310111424917,0.07337997366411522,0.9799733426909836,0.4371792256881445,0.7899605869140902,0.9922248687963048,0.1566310111424917,0.07337997366411522,0.9799733426909836,0.012251526105321209
LEO,close,2411,1687,724,0.1047122359998652,0.05281618199130721,0.9827061654133007,0.05443937109541846,0.011952218102009565,0.9948444788689188,0.1047122359998652,0.05281618199130721,0.9827061654133007,0.01213831345561811
RVN,close,2839,1987,852,0.0006915854135344459,1.493317472857719e-06,0.9734230499770691,0.002267398903325658,2.5108177678904844e-05,0.9850701005145264,0.0006915854135344459,1.493317472857719e-06,0.9734230499770691,0.011647050537457293
HBAR,close,2318,1622,696,0.005563947184923447,9.401135057961297e-05,0.9792708769048656,0.004966949883597368,0.00010173476251944178,0.9908359791281587,0.005563947184923447,9.401135057961297e-05,0.9792708769048656,0.0115651022232931
AXS,close,1907,1334,573,0.1468614954534912,0.05358379903795814,0.9826525706481543,1.0516483039229834,6.670169644459153,0.994047275299671,0.1468614954534912,0.05358379903795814,0.9826525706481543,0.011394704651516707
JST,close,1351,945,406,0.0007029305630433624,1.2185933923098805e-06,0.9447619760774795,0.0006933520442151282,1.3880744272788513e-06,0.9558696952560248,0.0007029305630433624,1.2185933923098805e-06,0.9447619760774795,0.011107719178545361
LPT,close,2578,1804,774,0.47792357297497784,0.7997505745157464,0.9728008374060877,0.5909951475723713,2.0170381603107104,0.9834932679964107,0.47792357297497784,0.7997505745157464,0.9728008374060877,0.010692430590322988
TEL,close,2922,2045,877,0.00019777414946100974,1.1085171156568065e-07,0.9700559382612012,0.00031418825497838093,1.0488238189782631e-06,0.9796730623528587,0.00019777414946100974,1.1085171156568065e-07,0.9700559382612012,0.009617124091657492
AAVE,close,1932,1352,580,7.598742182029117,112.56462912882226,0.9759614351238786,7.422895969907225,204.43442740857947,0.985540821579947,7.598742182029117,112.56462912882226,0.9759614351238786,0.009579386456068484
ETH,close,3823,2676,1147,61.771604790646876,9060.530498317661,0.987131366604663,28.871013786020576,4102.655969872292,0.996676437400507,61.771604790646876,9060.530498317661,0.987131366604663,0.00954507079584399
XEC,close,1577,1103,474,7.274690284401545e-07,1.5367065373844605e-12,0.9841010587858278,1.7906789134165838e-06,1.1497213240613042e-11,0.9930778328064399,7.274690284401545e-07,1.5367065373844605e-12,0.9841010587858278,0.008976774020612144
FET,close,1351,945,406,0.02143623278623333,0.0009539198989776575,0.9819602489545618,0.03556517882617448,0.005143929431760846,0.9907293579354467,0.02143623278623333,0.0009539198989776575,0.9819602489545618,0.008769108980884899
FIL,close,2893,2025,868,0.17165701038605496,0.07455625828356503,0.9817604354740752,0.9788118069288003,8.074372452498366,0.9905190956259707,0.17165701038605496,0.07455625828356503,0.9817604354740752,0.008758660151895525
EGLD,close,1969,1378,591,0.814999763028408,1.748392035511194,0.9824100671274798,3.878480703340471,55.673433694361364,0.9909242974300128,0.814999763028408,1.748392035511194,0.9824100671274798,0.008514230302532955
BTT,close,1467,1026,441,1.774821323245674e-08,1.3185472733985153e-15,0.9774888504308612,2.7831403178523118e-08,3.2968375743438825e-15,0.9854885079664472,1.774821323245674e-08,1.3185472733985153e-15,0.9774888504308612,0.007999657535585958
KCS,close,2964,2074,890,0.2011062855308222,0.1035794981688704,0.9849096472567078,0.23790210485249638,0.2708278671608349,0.992868324365545,0.2011062855308222,0.1035794981688704,0.9849096472567078,0.007958677108837131
OKB,close,2809,1966,843,1.8924872517280178,20.899291648106402,0.9880072014769866,0.4577753022036183,0.9061217956523381,0.9954548909868803,1.8924872517280178,20.899291648106402,0.9880072014769866,0.007447689509893718
SHIB,close,1677,1173,504,4.843096284842452e-07,7.756334042631278e-13,0.9676757321612947,6.884553845156703e-07,2.7678558375416534e-12,0.9748325075296639,4.843096284842452e-07,7.756334042631278e-13,0.9676757321612947,0.007156775368369228
TFUEL,close,2495,1746,749,0.0018100362362410162,1.0447220791608117e-05,0.9838287347954496,0.004545241437107489,0.00013568299800071693,0.9908753036970194,0.0018100362362410162,1.0447220791608117e-05,0.9838287347954496,0.007046568901569739
THETA,close,2916,2041,875,0.04635955547456376,0.006739862596090962,0.9853358771143348,0.08908249615073677,0.05853171046059679,0.9918069224189013,0.04635955547456376,0.006739862596090962,0.9853358771143348,0.006471045304566547
IMX,close,1522,1065,457,0.03257155916747514,0.0027983264823163998,0.9804416552342091,0.07488301341511978,0.017616061203539663,0.9867704402358314,0.03257155916747514,0.0027983264823163998,0.9804416552342091,0.006328785001622261
GRT,close,1863,1304,559,0.0049502326937111,6.073972022240647e-05,0.9818972275191288,0.02328062539840621,0.002658813608998961,0.9874032479767187,0.0049502326937111,6.073972022240647e-05,0.9818972275191288,0.005506020457589966
NEAR,close,1927,1348,579,0.12694482300865795,0.037040765549181266,0.9819245873837946,0.2452076023478473,0.1911496536232487,0.9869020810990694,0.12694482300865795,0.037040765549181266,0.9819245873837946,0.004977493715274783
DOGE,close,3494,2445,1049,0.005337105720833273,8.610201502315936e-05,0.9841137021871939,0.0027167654080146124,8.86693072890507e-05,0.9889280352572299,0.005337105720833273,8.610201502315936e-05,0.9841137021871939,0.004814333070036092
NEO,close,3094,2165,929,0.3429114405445177,0.31534452429415294,0.9809938124118445,1.3544064324808354,9.578085445818203,0.9856948359925767,0.3429114405445177,0.31534452429415294,0.9809938124118445,0.004701023580732211
XDC,close,1962,1373,589,0.0015754639263240245,8.518230451397073e-06,0.9827975431574513,0.0018865023456647242,1.3064504962617546e-05,0.9862139748897066,0.0015754639263240245,8.518230451397073e-06,0.9827975431574513,0.003416431732255365
XMR,close,4013,2809,1204,5.316974128983574,105.13432241373128,0.9883894516333931,4.29500877783067,77.65273602379406,0.9917081946302138,5.316974128983574,105.13432241373128,0.9883894516333931,0.003318742996820667
PAXG,close,1416,991,425,33.1917042116511,3193.366085543183,0.9936688843543179,10.910801353724139,263.5340417816242,0.9966030336024762,33.1917042116511,3193.366085543183,0.9936688843543179,0.0029341492481582687
BNB,close,3060,2142,918,11.954034238391356,381.21842002732774,0.9931824897908451,5.03733634132438,132.93893800489604,0.9958487625375899,11.954034238391356,381.21842002732774,0.9931824897908451,0.002666272746744802
XAUt,close,1349,944,405,33.904494443741434,3324.485120490084,0.9928248821830482,12.818600071166317,531.1687531827105,0.9942191737326822,33.904494443741434,3324.485120490084,0.9928248821830482,0.001394291549633997
TWT,close,1351,945,406,0.026354343925760793,0.0017333071867466595,0.9640606631512304,0.034119818770838986,0.003333892683675844,0.9649634315564166,0.026354343925760793,0.0017333071867466595,0.9640606631512304,0.0009027684051862161
ROSE,close,1879,1315,564,0.0019872911661596646,1.1478985758061301e-05,0.9824413336055977,0.005980823982505485,0.00012969086633057953,0.9831808104528654,0.0019872911661596646,1.1478985758061301e-05,0.9824413336055977,0.0007394768472677171
CHZ,close,2331,1631,700,0.0026140278816537224,1.8585586851263415e-05,0.9843933116284135,0.006825804780420136,0.0002785220416518758,0.9850457500510741,0.0026140278816537224,1.8585586851263415e-05,0.9843933116284135,0.0006524384226606061
POL,close,2320,1624,696,0.017612589879709234,0.00075793661781789,0.989815674998324,0.02945353570466982,0.003943263620552277,0.9903838904898784,0.017612589879709234,0.00075793661781789,0.989815674998324,0.0005682154915543913
BTC,close,5670,3968,1702,1026.626368147042,2395067.9419724876,0.997311754128298,146.3992368186976,218008.57729339655,0.9977117023363842,1026.626368147042,2395067.9419724876,0.997311754128298,0.00039994820808619824
BCH,close,3098,2168,930,12.061081652636807,330.5656107939556,0.9803883466127536,23.05523187303694,3358.1429212206904,0.9806554342139858,12.061081652636807,330.5656107939556,0.9803883466127536,0.00026708760123217434
ATOM,close,2460,1722,738,0.1736736689284516,0.07640435251622428,0.989639758361234,0.5203606421915307,0.9340238541855099,0.9889814917064293,0.1736736689284516,0.07640435251622428,0.989639758361234,-0.0006582666548046179
LDO,close,1356,949,407,0.04534689906049551,0.004092324622477829,0.968087522324966,0.08698861877003201,0.015075641721185452,0.9659553346675664,0.04534689906049551,0.004092324622477829,0.968087522324966,-0.0021321876573995313
XLM,close,3294,2305,989,0.0060661721538924716,0.00015012400058929423,0.9874946344928985,0.007536915549287584,0.00027488675435842226,0.985197906293943,0.0060661721538924716,0.00015012400058929423,0.9874946344928985,-0.0022967281989555444
QTUM,close,2982,2087,895,0.09464940462025001,0.022475843851683545,0.9704778342729512,0.41104511045147274,2.2494159740229054,0.9681278859700875,0.09464940462025001,0.022475843851683545,0.9704778342729512,-0.0023499483028637247
RUNE,close,2229,1560,669,0.11916133349076506,0.05987585446557467,0.986717660922001,0.23630171900018637,0.24214069371157482,0.983531143699835,0.11916133349076506,0.05987585446557467,0.986717660922001,-0.0031865172221660076
AR,close,2048,1433,615,0.5698187454806267,0.9776760250277647,0.990356301067914,1.0018289048803415,3.8129327406503815,0.9858964044933376,0.5698187454806267,0.9776760250277647,0.990356301067914,-0.00445989657457635
XRP,close,4018,2812,1206,0.03536102726038346,0.005358550434292416,0.9935628306681313,0.016802788654098306,0.0016698630641491363,0.9877804108790637,0.03536102726038346,0.005358550434292416,0.9935628306681313,-0.005782419789067683
ENS,close,1348,943,405,0.6479369326839147,0.9130188938491955,0.9797540906979834,0.6111572984030884,1.0329599270288292,0.9730719713798959,0.6479369326839147,0.9130188938491955,0.9797540906979834,-0.006682119318087487
BSV,close,2623,1836,787,1.7065195323188855,9.023563552816475,0.9822579847065546,5.050687577055941,137.23675936706962,0.974800706202685,1.7065195323188855,9.023563552816475,0.9822579847065546,-0.007457278503869569
ZEC,close,3375,2362,1013,8.543668692721955,275.5457236887497,0.9843402836775902,8.757193598188648,509.7868948373193,0.9743764234322172,8.543668692721955,275.5457236887497,0.9843402836775902,-0.00996386024537299
STX,close,3154,2207,947,0.04821500875391901,0.006775512368588365,0.9891262786371464,0.04165254343143299,0.010185155583597127,0.9742395980206272,0.04821500875391901,0.006775512368588365,0.9891262786371464,-0.01488668061651921
TRX,close,3028,2119,909,0.0038085477364116784,5.3360133133046116e-05,0.9930993442672419,0.0019999043164004955,2.771501862080844e-05,0.9698883566544035,0.0038085477364116784,5.3360133133046116e-05,0.9930993442672419,-0.023210987612838352
GT,close,1352,946,406,0.3749216468670719,0.30069597263016445,0.9884895787532105,0.13280394956043218,0.19525032663228842,0.9646732897994011,0.3749216468670719,0.30069597263016445,0.9884895787532105,-0.023816288953809384
RSR,close,1341,938,403,0.0002831841580460273,1.6270465407392778e-07,0.97499997456278,0.00025924094087030836,3.4414244334474016e-07,0.9486165601333834,0.0002831841580460273,1.6270465407392778e-07,0.97499997456278,-0.026383414429396623
TUSD,close,2606,1824,782,0.0012578213218357305,8.049233465543185e-06,0.6663685269921034,0.0011511342373053527,6.4118977970358455e-06,0.5331764553630911,0.0012578213218357305,8.049233465543185e-06,0.6663685269921034,-0.13319207162901225
WEMIX,high,1351,945,406,2389.436563715415,6314752.99842791,-163717666.04310402,3345.2770539740427,583697099.0482794,0.025917903573798085,2389.436563715415,6314752.99842791,-163717666.04310402,163717666.06902194
USDT,high,3247,2272,975,0.0017130814254445626,3.6021313767138765e-06,-2.262096977669346,0.004582299140435704,9.959036138256278e-05,0.6194719259742003,0.0017130814254445626,3.6021313767138765e-06,-2.262096977669346,2.8815689036435463
USDC,high,2598,1818,780,0.0009806621445657537,1.983561383287483e-06,-0.7815367940516684,0.0023118605610968415,4.387427645076279e-05,0.5904440067919854,0.0009806621445657537,1.983561383287483e-06,-0.7815367940516684,1.3719808008436538
AMP,high,1922,1345,577,0.00801799149538436,0.007715644049435774,-0.011750964774347006,0.0009166825882293182,4.6564973478709074e-06,0.9904113032664027,0.00801799149538436,0.007715644049435774,-0.011750964774347006,1.0021622680407498
TUSD,high,2606,1824,782,0.0036617585320004747,0.001561302028237227,-0.15753102061535307,0.002906254028848811,4.8928810829657366e-05,0.47236576253256657,0.0036617585320004747,0.001561302028237227,-0.15753102061535307,0.6298967831479196
DAI,high,2142,1499,643,0.003576803580472841,0.0005362268002899856,-0.0825022183660653,0.00336143965803336,0.00017580502473291194,0.22039942303367,0.003576803580472841,0.0005362268002899856,-0.0825022183660653,0.3029016413997353
ZEC,high,3375,2362,1013,33.91446426886058,7054.470885287558,0.6503859564443852,45.67510950648599,40024.13384592071,0.9007446515076047,33.91446426886058,7054.470885287558,0.6503859564443852,0.2503586950632195
SUN,high,1350,944,406,0.00047915736239063,1.5088486525731069e-06,0.8615674563667997,0.0003301954364296503,9.823618135137056e-07,0.9765825228661577,0.00047915736239063,1.5088486525731069e-06,0.8615674563667997,0.115015066499358
USDD,high,1351,945,406,0.007781830570260821,0.0003229402294434671,0.1736090284854489,0.0029890153437380942,9.468003803451897e-05,0.28106842956555056,0.007781830570260821,0.0003229402294434671,0.1736090284854489,0.10745940108010166
DCR,high,3794,2655,1139,0.7976722746354024,3.1587900320331475,0.8980071242907876,1.5721622227264347,11.454465546479259,0.9948954432045946,0.7976722746354024,3.1587900320331475,0.8980071242907876,0.096888318913807
CAKE,high,1942,1359,583,0.0637768465261684,0.018663028678009192,0.9376697492448792,0.26094902453906077,0.42663010757669956,0.9929338782398863,0.0637768465261684,0.018663028678009192,0.9376697492448792,0.0552641289950071
GLM,high,1352,946,406,0.007981055702677117,0.00021507080213952268,0.9083045761091909,0.01067221462344326,0.0005211818206870619,0.9590144495187286,0.007981055702677117,0.00021507080213952268,0.9083045761091909,0.0507098734095377
CVX,high,1458,1020,438,0.12059757347605395,0.0687741223253352,0.9407488350432327,0.2415425537767853,0.4474426232903837,0.9911803521030126,0.12059757347605395,0.0687741223253352,0.9407488350432327,0.050431517059779885
ZEN,high,3154,2207,947,0.38705793539276334,0.460442335815019,0.9408821839568832,1.1598919993457069,7.394793436515349,0.9909637069554651,0.38705793539276334,0.460442335815019,0.9408821839568832,0.05008152299858193
NFT,high,1479,1035,444,6.266305101944244e-09,1.7157102972000837e-16,0.9522903791033553,9.929040378769363e-09,5.106104199435291e-16,0.9980408103634678,6.266305101944244e-09,1.7157102972000837e-16,0.9522903791033553,0.04575043126011247
COMP,high,2045,1431,614,1.3889484340448297,9.998427441375995,0.952337161055534,5.527180652220474,129.4015381110702,0.995286023410859,1.3889484340448297,9.998427441375995,0.952337161055534,0.042948862355325024
FTT,high,2359,1651,708,0.05856204719159369,0.01692874644421611,0.9586235068944754,0.4281178925657433,0.8245036919384207,0.997957810872621,0.05856204719159369,0.01692874644421611,0.9586235068944754,0.039334303978145635
GNO,high,1486,1040,446,4.117520719687919,78.76459702049408,0.9557007954957694,4.9573251585046005,94.57953866498212,0.9913264201072703,4.117520719687919,78.76459702049408,0.9557007954957694,0.03562562461150098
CFX,high,1351,945,406,0.0038246793897666457,9.486355266802749e-05,0.9571553057976411,0.005965975375726572,0.00011992390867241777,0.9893697294848612,0.0038246793897666457,9.486355266802749e-05,0.9571553057976411,0.03221442368722016
YFI,high,2009,1406,603,125.41103739569631,69852.39705812193,0.9626261170474584,637.2908156723717,1627680.6425763275,0.9920227380518529,125.41103739569631,69852.39705812193,0.9626261170474584,0.029396621004394552
SNX,high,1452,1016,436,0.040946873432941774,0.012236257379871718,0.9570237357451474,0.08898666597384244,0.019796218723551723,0.9851682446275394,0.040946873432941774,0.012236257379871718,0.9570237357451474,0.02814450888239195
CRO,high,2506,1754,752,0.0036821174907827915,7.063761801482514e-05,0.9664158346847178,0.004156699776897603,0.00012017572594870475,0.9935071401604233,0.0036821174907827915,7.063761801482514e-05,0.9664158346847178,0.027091305475705485
UNI,high,1955,1368,587,0.23415579636502057,0.1808168869980948,0.9671330005744636,0.36065045503434395,0.5286640594987041,0.9938558407032106,0.23415579636502057,0.1808168869980948,0.9671330005744636,0.02672284012874704
XTZ,high,2760,1931,829,0.022835170993117358,0.0021455153398310003,0.9683506913447146,0.07006114213933871,0.01644130582554659,0.993906046552375,0.022835170993117358,0.0021455153398310003,0.9683506913447146,0.02555535520766039
VET,high,2730,1910,820,0.000964526298153582,3.658122524094643e-06,0.9691886375856521,0.0017807176865229934,2.2575619948611818e-05,0.9931639089814993,0.000964526298153582,3.658122524094643e-06,0.9691886375856521,0.02397527139584721
QNT,high,2545,1781,764,2.4139996345743087,14.545575521837899,0.9697105405932772,2.7649846005356973,41.45620402649395,0.9931538193827265,2.4139996345743087,14.545575521837899,0.9697105405932772,0.023443278789449296
SAND,high,1983,1388,595,0.009210617062861777,0.0004679388578619522,0.9707502460379887,0.03829211176983118,0.011116300086238802,0.9940245671361645,0.009210617062861777,0.0004679388578619522,0.9707502460379887,0.023274321098175843
ICP,high,1720,1204,516,0.3356571827449088,0.1792613704434295,0.9690609690669069,0.9234126393234247,10.353217430819273,0.9916070458928379,0.3356571827449088,0.1792613704434295,0.9690609690669069,0.022546076825931016
DASH,high,4299,3009,1290,1.0303062883363925,6.09265342282741,0.9742247655960846,4.377210118564902,148.3166758886204,0.9954340464870398,1.0303062883363925,6.09265342282741,0.9742247655960846,0.021209280890955196
SYRUP,high,1033,723,310,0.8526670323098855,1.6037610392415047,0.918754479555499,0.5776546728061738,2.8600136730572037,0.9385130157800641,0.8526670323098855,1.6037610392415047,0.918754479555499,0.019758536224565026
1INCH,high,1842,1289,553,0.009013359485343089,0.00021878460385291689,0.9650000979679122,0.06388472018666935,0.040314066343973755,0.984743547023693,0.009013359485343089,0.00021878460385291689,0.9650000979679122,0.01974344905578085
XCN,high,1351,945,406,0.0005273807962635824,1.019974271921923e-06,0.9729550376942782,0.0008001385166115668,1.0534780773621379e-05,0.9923957430893541,0.0005273807962635824,1.019974271921923e-06,0.9729550376942782,0.01944070539507592
IOTA,high,3147,2202,945,0.005559962813151514,0.00014395000289025298,0.9732069322124247,0.028490674084756785,0.0052495040313756515,0.9908630182171984,0.005559962813151514,0.00014395000289025298,0.9732069322124247,0.01765608600477364
TFUEL,high,2495,1746,749,0.0018473999635207322,1.528572501621347e-05,0.9790046069288564,0.003944783453146675,0.00010292438979390584,0.9939141825488441,0.0018473999635207322,1.528572501621347e-05,0.9790046069288564,0.014909575619987736
LTC,high,4473,3131,1342,1.855984488978425,7.076311923467242,0.980721546731708,1.9937635961471893,26.34185676301579,0.9948881893450106,1.855984488978425,7.076311923467242,0.980721546731708,0.014166642613302582
TRAC,high,1351,945,406,0.06885105728642281,0.006214255165798285,0.48854994361192083,0.15581727641087484,0.1807064067942634,0.5024215723454878,0.06885105728642281,0.006214255165798285,0.48854994361192083,0.013871628733566954
MANA,high,2110,1477,633,0.009214270529167151,0.00025782868188683794,0.9800533551388954,0.028444608391725416,0.005745339444502713,0.9935133751699603,0.009214270529167151,0.00025782868188683794,0.9800533551388954,0.013460020031064945
DOT,high,1979,1385,594,0.09979028840587857,0.04544741916434197,0.9832316007312943,0.4066260757550302,0.5982760599522458,0.9959396897417069,0.09979028840587857,0.04544741916434197,0.9832316007312943,0.012708089010412538
ZRX,high,1374,961,413,0.006606757032790725,0.00023189748412815494,0.9633123642148854,0.012536081587443078,0.0007937826278330624,0.9754624674975948,0.006606757032790725,0.00023189748412815494,0.9633123642148854,0.012150103282709379
SOL,high,2115,1480,635,3.3699773370668904,20.329586807633852,0.9858248314263433,1.6383424162367979,8.977344526810045,0.9975244386759841,3.3699773370668904,20.329586807633852,0.9858248314263433,0.011699607249640809
ADA,high,2947,2062,885,0.013534682569197405,0.0006546905993466835,0.9861359864401137,0.014567970064412112,0.0010867462279598135,0.9971828183109386,0.013534682569197405,0.0006546905993466835,0.9861359864401137,0.011046831870824891
GALA,high,1577,1103,474,0.0007346547129475487,1.8480892310670064e-06,0.9793206106153763,0.003836448959846009,0.00014795040517279692,0.9902488748180547,0.0007346547129475487,1.8480892310670064e-06,0.9793206106153763,0.01092826420267834
LINK,high,3038,2126,912,0.374905868961307,0.2865825961002594,0.9862461470814506,0.2733181689618049,0.3068309781913999,0.997131222636921,0.374905868961307,0.2865825961002594,0.9862461470814506,0.010885075555470358
OKB,high,2809,1966,843,1.6005339096631142,26.3745747832337,0.9863714934754466,0.36308660784664226,0.6023811535622549,0.99713089358787,1.6005339096631142,26.3745747832337,0.9863714934754466,0.010759400112423378
AVAX,high,1949,1364,585,0.6149920321648017,0.9742904366167234,0.9846554774215079,1.070163996218709,3.800646208164561,0.995222493332295,0.6149920321648017,0.9742904366167234,0.9846554774215079,0.010567015910787014
NEXO,high,2804,1962,842,0.021879922107329527,0.0007292457409279204,0.9850106040924534,0.02535461980411568,0.004290414737329105,0.9951336882164088,0.021879922107329527,0.0007292457409279204,0.9850106040924534,0.01012308412395535
LEO,high,2411,1687,724,0.1411301027735031,0.06380410212744186,0.9800699954154383,0.06282871951276525,0.02454541099493386,0.9898996905137153,0.1411301027735031,0.06380410212744186,0.9800699954154383,0.009829695098277025
ALGO,high,2399,1679,720,0.005592723955925565,0.00010102598896989929,0.9811770158529562,0.020234721396331545,0.0024465847801165216,0.9908767335166581,0.005592723955925565,0.00010102598896989929,0.9811770158529562,0.009699717663701812
BAT,high,3157,2209,948,0.00524899756811687,5.595798007230796e-05,0.9803462345410469,0.014991953871697803,0.0009385690827919189,0.990033081908569,0.00524899756811687,5.595798007230796e-05,0.9803462345410469,0.009686847367522122
MX,high,1351,945,406,0.027732724523865437,0.0024392950974949073,0.9875172688212268,0.039257477832441774,0.004208831099413646,0.9970460339168563,0.027732724523865437,0.0024392950974949073,0.9875172688212268,0.009528765095629499
HNT,high,2121,1484,637,0.1452532920076431,0.06260657637107138,0.9843908753972495,0.376106893849643,0.7520324491244926,0.993418838635615,0.1452532920076431,0.06260657637107138,0.9843908753972495,0.009027963238365522
TEL,high,2922,2045,877,0.00017363438302603096,8.734730763475964e-08,0.9795044257374279,0.000269598509736121,7.336619294513063e-07,0.9880236773425464,0.00017363438302603096,8.734730763475964e-08,0.9795044257374279,0.00851925160511846
AXS,high,1907,1334,573,0.14360249462204797,0.04245413013066816,0.9871680601005042,0.9335612473105656,6.110642452675746,0.9950889801845574,0.14360249462204797,0.04245413013066816,0.9871680601005042,0.007920920084053207
JST,high,1351,945,406,0.0007165264840202798,1.3366263613606008e-06,0.9437651907981017,0.0007008768102168206,1.8293033116273484e-06,0.9516665486392767,0.0007165264840202798,1.3366263613606008e-06,0.9437651907981017,0.00790135784117496
HBAR,high,2318,1622,696,0.004626192947395795,6.942930122391532e-05,0.9863050762719466,0.004021994587305755,7.764965732634497e-05,0.9937800335422173,0.004626192947395795,6.942930122391532e-05,0.9863050762719466,0.007474957270270699
THETA,high,2916,2041,875,0.03697680954681541,0.005107578882933615,0.9901105697460701,0.06493310837846844,0.03410110565552564,0.9957856181195229,0.03697680954681541,0.005107578882933615,0.9901105697460701,0.005675048373452785
NEO,high,3094,2165,929,0.2513737971141441,0.21771174724608477,0.9882298309103963,0.9639891640451674,4.7102626281302875,0.9938554923120337,0.2513737971141441,0.21771174724608477,0.9882298309103963,0.0056256614016374495
CRV,high,1989,1392,597,0.01852273140513872,0.0009614129816410709,0.9822732013557848,0.0691912963135868,0.023544867976845737,0.9874920090655271,0.01852273140513872,0.0009614129816410709,0.9822732013557848,0.005218807709742368
ETH,high,3823,2676,1147,46.148838872304935,4408.467713977878,0.9940755959548441,18.451052791262416,1422.39207416926,0.998917195743434,46.148838872304935,4408.467713977878,0.9940755959548441,0.00484159978858989
FET,high,1351,945,406,0.016242939276376482,0.0005896342867854752,0.9897729424713086,0.02783306705974894,0.003455558539961865,0.9944295546629278,0.016242939276376482,0.0005896342867854752,0.9897729424713086,0.004656612191619169
SHIB,high,1677,1173,504,3.8515775848651694e-07,6.386074409492501e-13,0.9765490359308476,6.081836952565805e-07,2.471503575331982e-12,0.9809958111053791,3.8515775848651694e-07,6.386074409492501e-13,0.9765490359308476,0.004446775174531514
XEC,high,1577,1103,474,6.779263233736659e-07,1.314998706306479e-12,0.9874068317974142,1.601137503680996e-06,1.510996007127795e-11,0.9917135484640719,6.779263233736659e-07,1.314998706306479e-12,0.9874068317974142,0.004306716666657717
AAVE,high,1932,1352,580,5.618159179660663,60.55683797966292,0.9879459979993375,5.507629919040151,125.343098212182,0.992224360603116,5.618159179660663,60.55683797966292,0.9879459979993375,0.004278362603778563
BTT,high,1467,1026,441,1.4116291547314942e-08,1.153849790532407e-15,0.9825753962243549,2.4311331516978603e-08,3.5495939936719955e-15,0.9865710617697079,1.4116291547314942e-08,1.153849790532407e-15,0.9825753962243549,0.003995665545353022
QTUM,high,2982,2087,895,0.07224032966743289,0.019329990610168928,0.9776321169357817,0.3319346241439176,1.5608129060517977,0.9815722956717181,0.07224032966743289,0.019329990610168928,0.9776321169357817,0.003940178735936439
RAY,high,1351,945,406,0.09582167942859858,0.02261144090004311,0.9853019964668488,0.049299280473033995,0.016707463898310803,0.9892415702766951,0.09582167942859858,0.02261144090004311,0.9853019964668488,0.003939573809846331
FLOW,high,1822,1275,547,0.01357197159294361,0.0005115357894171586,0.9883605843480289,0.29697653477831015,0.6922107423709122,0.9922978242940874,0.01357197159294361,0.0005115357894171586,0.9883605843480289,0.003937239946058546
XMR,high,4013,2809,1204,4.421335769587081,71.81747721930284,0.9928650262154135,2.8366167746339874,33.24671498651671,0.9967699641844993,4.421335769587081,71.81747721930284,0.9928650262154135,0.0039049379690857533
INJ,high,1351,945,406,0.2827687057297204,0.13854362763298078,0.991767606200389,0.46336358323940824,0.7321805164684428,0.9956674437545081,0.2827687057297204,0.13854362763298078,0.991767606200389,0.0038998375541191566
EGLD,high,1969,1378,591,0.4680766350589849,0.9625157120481344,0.9909431143197275,3.0173843810777523,36.00798895186985,0.9947835939596459,0.4680766350589849,0.9625157120481344,0.9909431143197275,0.003840479639918404
RVN,high,2839,1987,852,0.000543279766661698,1.2496567119668583e-06,0.9804211978679236,0.002116827069963795,3.111809120093025e-05,0.9842139187740322,0.000543279766661698,1.2496567119668583e-06,0.9804211978679236,0.0037927209061086042
RUNE,high,2229,1560,669,0.09698151072789943,0.046482360551988774,0.9905328161608092,0.1655228498140084,0.0971005745134132,0.994274321169145,0.09698151072789943,0.046482360551988774,0.9905328161608092,0.0037415050083358103
IMX,high,1522,1065,457,0.020293719120576516,0.0017819573272090498,0.9886932033539484,0.05614486935703258,0.012314745167126771,0.9920327894126321,0.020293719120576516,0.0017819573272090498,0.9886932033539484,0.0033395860586836745
KCS,high,2964,2074,890,0.15157364871139273,0.049909580851116006,0.9930018124691147,0.16785892077673342,0.17065016412182787,0.9958133739097834,0.15157364871139273,0.049909580851116006,0.9930018124691147,0.0028115614406687417
NEAR,high,1927,1348,579,0.10037356688685427,0.02500060489634429,0.9887267380481567,0.19038075590925735,0.14408664372819124,0.991274121139992,0.10037356688685427,0.02500060489634429,0.9887267380481567,0.0025473830918353313
GRT,high,1863,1304,559,0.003305175789237424,3.9818750678853636e-05,0.9890644086535975,0.019037684829290635,0.0021655920088634786,0.9911158638385797,0.003305175789237424,3.9818750678853636e-05,0.9890644086535975,0.002051455184982287
DOGE,high,3494,2445,1049,0.0043264046047621785,5.991368139744993e-05,0.990094512729286,0.0021485986090913176,7.576014220698265e-05,0.9917625418554856,0.0043264046047621785,5.991368139744993e-05,0.990094512729286,0.0016680291261996771
ETC,high,3468,2427,1041,0.448656953349842,0.5384401357124133,0.9842196848760111,0.6890430707082876,4.738506781700665,0.9857310436666339,0.448656953349842,0.5384401357124133,0.9842196848760111,0.0015113587906228076
LPT,high,2578,1804,774,0.44884413637273424,0.778404638608587,0.9767607690583497,0.6023227691696225,3.2088399962258474,0.978177067599759,0.44884413637273424,0.778404638608587,0.9767607690583497,0.0014162985414092333
BNB,high,3060,2142,918,9.044975209704024,188.47050506156324,0.9968009324548456,3.434548833815606,62.824601268810994,0.9981565642376111,9.044975209704024,188.47050506156324,0.9968009324548456,0.0013556317827655429
BTC,high,5670,3968,1702,888.38171800223,1406011.4869871982,0.9984637344122432,103.14805858394007,100649.82540761822,0.9990065673872306,888.38171800223,1406011.4869871982,0.9984637344122432,0.0005428329749873617
ROSE,high,1879,1315,564,0.0013154165360741144,8.331910669205903e-06,0.9882350392928556,0.004888579078685659,0.00010145931325215137,0.9887340647507774,0.0013154165360741144,8.331910669205903e-06,0.9882350392928556,0.0004990254579217979
ATOM,high,2460,1722,738,0.12871362931267621,0.041911826190490616,0.9946383506576085,0.3772586488213398,0.4858352500255434,0.9948813522970912,0.12871362931267621,0.041911826190490616,0.9946383506576085,0.00024300163948265396
XLM,high,3294,2305,989,0.005371395175520335,0.00011953709272080497,0.991029669110249,0.005785378966676266,0.00018496654918296023,0.9912661384935847,0.005371395175520335,0.00011953709272080497,0.991029669110249,0.00023646938333565792
BCH,high,3098,2168,930,10.893454165563014,258.69807454465456,0.9855987551154086,18.52983883887764,3003.466239231967,0.9852419519867384,10.893454165563014,258.69807454465456,0.9855987551154086,-0.00035680312867025776
POL,high,2320,1624,696,0.013412674085096502,0.0004157939416524465,0.9947613017766529,0.02185303966329734,0.0026299362275610336,0.9942036229868421,0.013412674085096502,0.0004157939416524465,0.9947613017766529,-0.0005576787898108337
XDC,high,1962,1373,589,0.0015163004004456124,7.310366306582739e-06,0.9865070614858147,0.0017262844154355573,1.574304246284867e-05,0.9854555362388517,0.0015163004004456124,7.310366306582739e-06,0.9865070614858147,-0.0010515252469629477
TWT,high,1351,945,406,0.01918557119565271,0.001176169898600786,0.9786468667904533,0.0270566240068281,0.002475914304083691,0.977514749350692,0.01918557119565271,0.001176169898600786,0.9786468667904533,-0.001132117439761271
FIL,high,2893,2025,868,0.11773083745215979,0.042335274381427104,0.9905885524886433,0.8774822293901177,10.868650227828311,0.9886952141180138,0.11773083745215979,0.042335274381427104,0.9905885524886433,-0.0018933383706295492
XRP,high,4018,2812,1206,0.030027326155154157,0.0035750683414955088,0.99596758848441,0.012718418436836475,0.0010806343262018707,0.9930295784126889,0.030027326155154157,0.0035750683414955088,0.99596758848441,-0.00293801007172112
LDO,high,1356,949,407,0.03517520457324567,0.0022447446027960716,0.9847791045668887,0.06883835591397763,0.009895433923213735,0.9798263216833688,0.03517520457324567,0.0022447446027960716,0.9847791045668887,-0.004952782883519857
AR,high,2048,1433,615,0.45221600897224956,0.6248340507532911,0.9943966371685891,0.8651016738063421,3.393187191498258,0.9891132255398407,0.45221600897224956,0.6248340507532911,0.9943966371685891,-0.005283411628748347
CHZ,high,2331,1631,700,0.0020339761635621264,1.2645876441742296e-05,0.9903283108582523,0.005725655369348693,0.00034042393553874854,0.9844586360043487,0.0020339761635621264,1.2645876441742296e-05,0.9903283108582523,-0.005869674853903661
BSV,high,2623,1836,787,1.2660667734337623,6.843092655534328,0.9880680445700771,4.3073955984534,109.50041109513,0.9821754882459024,1.2660667734337623,6.843092655534328,0.9880680445700771,-0.005892556324174736
XAUt,high,1349,944,405,28.48655483135355,1467.763384887951,0.9969489878117842,15.637931687772726,1030.2087724636972,0.9891914412626576,28.48655483135355,1467.763384887951,0.9969489878117842,-0.007757546549126637
PAXG,high,1416,991,425,28.58742990024705,2204.6721040738153,0.9958184868292286,10.356961965834264,1110.1496629623687,0.986119968228719,28.58742990024705,2204.6721040738153,0.9958184868292286,-0.009698518600509631
ENS,high,1348,943,405,0.49317738312406845,0.4869322242875138,0.9900968353268264,0.5065893758474681,0.866269385680983,0.9803663013727576,0.49317738312406845,0.4869322242875138,0.9900968353268264,-0.009730533954068754
STX,high,3154,2207,947,0.041818124878224325,0.005424141657038837,0.9921384337766751,0.03926063941814687,0.009826498070446641,0.9786649559580525,0.041818124878224325,0.005424141657038837,0.9921384337766751,-0.013473477818622626
GT,high,1352,946,406,0.35497933776330653,0.2553750814945423,0.9906418931263524,0.10762421591729808,0.18797350372180718,0.9684429533795611,0.35497933776330653,0.2553750814945423,0.9906418931263524,-0.022198939746791324
TRX,high,3028,2119,909,0.002491478333269777,3.5286050917820525e-05,0.9955913060404094,0.001624572632533427,3.528938570613279e-05,0.967753008037265,0.002491478333269777,3.5286050917820525e-05,0.9955913060404094,-0.0278382980031443
RSR,high,1341,938,403,0.0002102579827464153,8.493078071907534e-08,0.9880568887088035,0.00021095980112975532,3.8438495904485245e-07,0.9531177695990345,0.0002102579827464153,8.493078071907534e-08,0.9880568887088035,-0.03493911910976899
AMP,low,1922,1345,577,0.0015642326673025498,0.00031149563938568053,-184.94906709243222,0.000610641250418314,2.0636145700684663e-06,0.9944240955835432,0.0015642326673025498,0.00031149563938568053,-184.94906709243222,185.94349118801577
USDT,low,3247,2272,975,0.0011238715904266713,3.326953066109231e-06,-0.4406395762587312,0.002582364201676495,3.5494434253663115e-05,0.7623843392509844,0.0011238715904266713,3.326953066109231e-06,-0.4406395762587312,1.2030239155097155
DAI,low,2142,1499,643,0.001906374831915249,0.0003476873361317094,-0.5498546921192613,0.001864879174575318,6.641977480612512e-05,0.5679527859183446,0.001906374831915249,0.0003476873361317094,-0.5498546921192613,1.117807478037606
USDC,low,2598,1818,780,0.0007227675116777673,2.6666978638434955e-06,-0.2332446336520877,0.0015009059074257535,1.5511117549256927e-05,0.2579867675869696,0.0007227675116777673,2.6666978638434955e-06,-0.2332446336520877,0.4912314012390573
USDD,low,1351,945,406,0.006465259237175028,0.00011736262535104469,0.22166564936553668,0.005721148706831988,0.0001458123197214984,0.40860315130328495,0.006465259237175028,0.00011736262535104469,0.22166564936553668,0.18693750193774827
TUSD,low,2606,1824,782,0.0018448018028383,2.797187072079e-05,0.08420596555671,0.0022754155355860766,2.4616055848077224e-05,0.16783365478842804,0.0018448018028383,2.797187072079e-05,0.08420596555671,0.08362768923171804
TRAC,low,1351,945,406,0.016673231569089796,0.0009107935422200177,0.8884258050343327,0.02089556097183904,0.0027225988157741072,0.9649835748946916,0.016673231569089796,0.0009107935422200177,0.8884258050343327,0.07655776986035889
CAKE,low,1942,1359,583,0.05683403177035904,0.017511384459525506,0.9201100243143121,0.22830241027693865,0.32601425049398247,0.9931592943080699,0.05683403177035904,0.017511384459525506,0.9201100243143121,0.07304926999375783
1INCH,low,1842,1289,553,0.014762064568087437,0.0003823909367452897,0.9243925889240696,0.05797288992463727,0.018560521730129294,0.9904695185165974,0.014762064568087437,0.0003823909367452897,0.9243925889240696,0.06607692959252776
SYRUP,low,1033,723,310,0.6006242816390689,0.9556673715455459,0.9288711059461755,0.3575949905168425,0.3813300043449677,0.9891791535394316,0.6006242816390689,0.9556673715455459,0.9288711059461755,0.06030804759325614
ZEN,low,3154,2207,947,0.27802683354061736,0.3365246119058975,0.933362818592917,1.0011521640798222,6.042059532019481,0.9902273862390123,0.27802683354061736,0.3365246119058975,0.933362818592917,0.056864567646095265
CVX,low,1458,1020,438,0.09814034607748229,0.04676548965956529,0.942275006554353,0.19805706651314167,0.204396794471662,0.9949685333736568,0.09814034607748229,0.04676548965956529,0.942275006554353,0.052693526819303727
SUN,low,1350,944,406,0.00048440459362127065,3.100696715676316e-07,0.9575874123754375,0.00020434190242829808,2.0964747681052938e-07,0.9934185468466538,0.00048440459362127065,3.100696715676316e-07,0.9575874123754375,0.03583113447121622
ICP,low,1720,1204,516,0.39743634877971407,0.23558614308385425,0.9508583985511444,1.0211258231756741,9.55630362608537,0.9866198513537822,0.39743634877971407,0.23558614308385425,0.9508583985511444,0.03576145280263776
YFI,low,2009,1406,603,140.14372913747286,65088.62913632435,0.9537338431627608,631.3104094569867,1951817.9134971923,0.9873937310807037,140.14372913747286,65088.62913632435,0.9537338431627608,0.03365988791794294
ZRX,low,1374,961,413,0.007375797032916437,0.00024171578720114648,0.9525203797116422,0.010083390816225536,0.000368283046887571,0.984065618274066,0.007375797032916437,0.00024171578720114648,0.9525203797116422,0.03154523856242386
GLM,low,1352,946,406,0.005781611036370922,8.095101311435797e-05,0.9528843783274429,0.0067476103959449325,0.00014607997635720734,0.984163537979781,0.005781611036370922,8.095101311435797e-05,0.9528843783274429,0.03127915965233807
SNX,low,1452,1016,436,0.05093952148218962,0.00868538455801411,0.9566358106981846,0.07730240426330183,0.012940090849115082,0.9876216108244,0.05093952148218962,0.00868538455801411,0.9566358106981846,0.030985800126215435
COMP,low,2045,1431,614,1.227726696356611,5.712059807075867,0.96426987157216,5.527310284216557,165.53050760369706,0.9922534288895125,1.227726696356611,5.712059807075867,0.96426987157216,0.02798355731735247
LTC,low,4473,3131,1342,2.1514528865773728,10.64347696077178,0.9655342729749631,2.2763586049908993,30.799542921391513,0.9925526903568552,2.1514528865773728,10.64347696077178,0.9655342729749631,0.027018417381892146
GALA,low,1577,1103,474,0.000858629044518642,2.144447253123466e-06,0.9683531382896348,0.0032514912350007923,5.91210024836533e-05,0.9947194833900176,0.000858629044518642,2.144447253123466e-06,0.9683531382896348,0.026366345100382826
UNI,low,1955,1368,587,0.202608944378353,0.15288707737541765,0.9653921345036168,0.35641983381496845,0.5865909498735162,0.9915114603102057,0.202608944378353,0.15288707737541765,0.9653921345036168,0.026119325806588822
DCR,low,3794,2655,1139,0.438396223350702,0.5753709829727326,0.969672511887669,1.3767023418750137,9.136157890699929,0.995146678150823,0.438396223350702,0.5753709829727326,0.969672511887669,0.02547416626315402
QNT,low,2545,1781,764,2.087300657400997,11.066731695453011,0.971915550783074,2.1108618657875553,17.883403330577433,0.9964510224305434,2.087300657400997,11.066731695453011,0.971915550783074,0.024535471647469387
IOTA,low,3147,2202,945,0.009009874630217097,0.00015006534752335678,0.962462317419512,0.030512444086039356,0.005378603247056678,0.9864881902171332,0.009009874630217097,0.00015006534752335678,0.962462317419512,0.02402587279762114
WEMIX,low,1351,945,406,0.017483117036232843,0.0013087377242190661,0.9584849465441143,0.054667955269168386,0.011598681924965422,0.9822156975881708,0.017483117036232843,0.0013087377242190661,0.9584849465441143,0.02373075104405653
NFT,low,1479,1035,444,4.63706661880243e-09,7.253606368915514e-17,0.9732373829700576,1.253303305472171e-08,9.409984489555882e-16,0.9957675661165033,4.63706661880243e-09,7.253606368915514e-17,0.9732373829700576,0.022530183146445726
SAND,low,1983,1388,595,0.008203289965678304,0.0003014957668358041,0.974597057017786,0.0332674410859049,0.005259753396211273,0.9963970826665529,0.008203289965678304,0.0003014957668358041,0.974597057017786,0.02180002564876693
LINK,low,3038,2126,912,0.4053058283232223,0.4844460822486628,0.9721475587137298,0.3159343860228154,0.5747827466405594,0.993266013052392,0.4053058283232223,0.4844460822486628,0.9721475587137298,0.021118454338662218
AVAX,low,1949,1364,585,0.5855781990071891,1.4087232339981235,0.9732942851969445,1.0124678849367243,3.601483457986184,0.9944020849318606,0.5855781990071891,1.4087232339981235,0.9732942851969445,0.021107799734916055
CRO,low,2506,1754,752,0.002716222231155333,3.818122035071045e-05,0.9757048254736992,0.003885021570829159,6.80563614831982e-05,0.9954708301045052,0.002716222231155333,3.818122035071045e-05,0.9757048254736992,0.019766004630806022
SOL,low,2115,1480,635,4.207831556870044,29.03119861717086,0.9772281058601546,1.673609660086461,11.09746723086443,0.9963270002084559,4.207831556870044,29.03119861717086,0.9772281058601546,0.019098894348301254
NEXO,low,2804,1962,842,0.026842900333743286,0.001036068094662445,0.9765515284397384,0.027428836422571167,0.004564333615964362,0.9936735397553512,0.026842900333743286,0.001036068094662445,0.9765515284397384,0.01712201131561286
FLOW,low,1822,1275,547,0.01661918181461467,0.0007937725154242006,0.9786365872675294,0.2219700998416826,0.3020498089171533,0.9957563731014714,0.01661918181461467,0.0007937725154242006,0.9786365872675294,0.017119785833941914
DOT,low,1979,1385,594,0.11431273140543549,0.055290877359145306,0.9750732747887717,0.4320690809046377,0.9651660948919234,0.991851411944059,0.11431273140543549,0.055290877359145306,0.9750732747887717,0.01677813715528731
ALGO,low,2399,1679,720,0.004996207236598273,9.323516625299195e-05,0.9764513097900513,0.01865322963761764,0.001478197533849691,0.9929615241275374,0.004996207236598273,9.323516625299195e-05,0.9764513097900513,0.016510214337486007
MANA,low,2110,1477,633,0.007772849308812344,0.00021481493707866092,0.9795260227239221,0.026889958936227448,0.003091771782440474,0.9955301134160519,0.007772849308812344,0.00021481493707866092,0.9795260227239221,0.016004090692129824
CRV,low,1989,1392,597,0.02861577103291755,0.001752156975751291,0.9594098543073221,0.07361374932216623,0.03239489205506988,0.9744255413980404,0.02861577103291755,0.001752156975751291,0.9594098543073221,0.015015687090718322
ADA,low,2947,2062,885,0.014689044632289061,0.000776219431770516,0.9798202193299103,0.015684110280739773,0.0016898632054677262,0.9947524641566071,0.014689044632289061,0.000776219431770516,0.9798202193299103,0.014932244826696861
LDO,low,1356,949,407,0.028990333458694353,0.0034853351770255314,0.969999423443057,0.05431296978964556,0.006181287174555841,0.9846388051190365,0.028990333458694353,0.0034853351770255314,0.969999423443057,0.014639381675979446
DASH,low,4299,3009,1290,1.3371857100939726,3.5953024768192563,0.9785609872759516,5.109583695902996,174.19266783389784,0.993122904869962,1.3371857100939726,3.5953024768192563,0.9785609872759516,0.014561917594010376
INJ,low,1351,945,406,0.2909079028693544,0.26550131190959014,0.9811728124342199,0.420516184277735,0.673933219199237,0.9950925091241314,0.2909079028693544,0.26550131190959014,0.9811728124342199,0.013919696689911443
BAT,low,3157,2209,948,0.004721706234337736,5.5796801700053734e-05,0.9758928010749793,0.013602079868923058,0.0007752655504738952,0.9894404776543522,0.004721706234337736,5.5796801700053734e-05,0.9758928010749793,0.013547676579372836
IMX,low,1522,1065,457,0.027843178332108857,0.0026887462831434042,0.9788187488669093,0.053029753299624574,0.00911558559541214,0.9922249580865954,0.027843178332108857,0.0026887462831434042,0.9788187488669093,0.01340620921968605
AAVE,low,1932,1352,580,6.010392227024273,107.78561694452262,0.9755223348722225,5.411318450936867,144.67966917292102,0.9882606076474495,6.010392227024273,107.78561694452262,0.9755223348722225,0.012738272775226989
RAY,low,1351,945,406,0.08453072312989704,0.0233021323000802,0.9804227017191173,0.034742636110837506,0.008418531340877534,0.9930210278403467,0.08453072312989704,0.0233021323000802,0.9804227017191173,0.012598326121229464
ETC,low,3468,2427,1041,0.5475088295919397,0.6476129791859909,0.9768234528770371,0.6743283800201116,2.733519997756471,0.9890609923706449,0.5475088295919397,0.6476129791859909,0.9768234528770371,0.01223753949360784
MX,low,1351,945,406,0.03473660952024972,0.002462927742895253,0.9854041539326531,0.03900934993881386,0.0036648305628468377,0.9972023447441459,0.03473660952024972,0.002462927742895253,0.9854041539326531,0.011798190811492804
FTT,low,2359,1651,708,0.03720049953645503,0.004401320835972475,0.9849231873288308,0.48065047208762274,1.281510158706219,0.9962701948831159,0.03720049953645503,0.004401320835972475,0.9849231873288308,0.011347007554285082
GNO,low,1486,1040,446,2.8858389538966867,24.753779177960826,0.9837108354455236,4.129403827763636,49.582046829985664,0.9947451485627451,2.8858389538966867,24.753779177960826,0.9837108354455236,0.011034313117221473
XTZ,low,2760,1931,829,0.0189685714374848,0.0011164349613885238,0.9797782242474675,0.07057260136543664,0.019714256379328717,0.9907120592467832,0.0189685714374848,0.0011164349613885238,0.9797782242474675,0.010933834999315661
SHIB,low,1677,1173,504,3.4345950972556916e-07,4.3491961686320664e-13,0.9793443126575709,4.891512360707782e-07,9.090329394638816e-13,0.9901499957839963,3.4345950972556916e-07,4.3491961686320664e-13,0.9793443126575709,0.01080568312642538
JST,low,1351,945,406,0.0005936827420143577,5.936581654199103e-07,0.9691924884854006,0.0004642073699327461,5.774520589225514e-07,0.9794688847533506,0.0005936827420143577,5.936581654199103e-07,0.9691924884854006,0.010276396267949961
KCS,low,2964,2074,890,0.19524570135326821,0.09856860648783072,0.9851560246213196,0.1892171527892513,0.17298093629144307,0.9950408716429817,0.19524570135326821,0.09856860648783072,0.9851560246213196,0.009884847021662146
AXS,low,1907,1334,573,0.10134323503648694,0.034164944384275524,0.987830051049333,0.7309722626913906,2.8607542745558407,0.9972047215887725,0.10134323503648694,0.034164944384275524,0.987830051049333,0.009374670539439522
XEC,low,1577,1103,474,5.822247795836001e-07,1.244776433562122e-12,0.9856694683319904,1.3812441630324598e-06,7.565295571851392e-12,0.9950123131572544,5.822247795836001e-07,1.244776433562122e-12,0.9856694683319904,0.00934284482526393
FET,low,1351,945,406,0.014660412849451132,0.0006897717503831658,0.9860157092360959,0.022367079001906702,0.002380865298139795,0.9952088863243835,0.014660412849451132,0.0006897717503831658,0.9860157092360959,0.009193177088287596
HBAR,low,2318,1622,696,0.004125316498488022,6.331423387646569e-05,0.9846291720047609,0.0036077524060210897,6.073920343559016e-05,0.9938196289367752,0.004125316498488022,6.331423387646569e-05,0.9846291720047609,0.009190456932014368
XMR,low,4013,2809,1204,5.575656262029275,135.09509203090275,0.9836098064373207,3.4642560193977134,64.30787237184904,0.9923228721018927,5.575656262029275,135.09509203090275,0.9836098064373207,0.008713065664572084
FIL,low,2893,2025,868,0.13396064317510056,0.05242480826555754,0.985699545495538,0.7385653963247953,4.501857353340297,0.994072344220278,0.13396064317510056,0.05242480826555754,0.985699545495538,0.00837279872474006
CFX,low,1351,945,406,0.0028640660573528635,3.0104160619598946e-05,0.9823725602341599,0.0052966445867250085,8.811177620307486e-05,0.9901724488336532,0.0028640660573528635,3.0104160619598946e-05,0.9823725602341599,0.007799888599493321
QTUM,low,2982,2087,895,0.08107618822478319,0.016052622212814033,0.9759846836976744,0.31417065565509866,0.8996850664692484,0.9837838644133,0.08107618822478319,0.016052622212814033,0.9759846836976744,0.0077991807156255755
HNT,low,2121,1484,637,0.10236416992151075,0.040842634615023014,0.9876846259931641,0.3008224017120571,0.42349945939952477,0.9953252183137384,0.10236416992151075,0.040842634615023014,0.9876846259931641,0.0076405923205743465
EGLD,low,1969,1378,591,0.6493153228375662,1.353402964063149,0.9850359601909114,2.8837658781851987,41.337147319231924,0.9924459505818726,0.6493153228375662,1.353402964063149,0.9850359601909114,0.00740999039096113
LEO,low,2411,1687,724,0.10626522752391251,0.03993112616925501,0.9862555032493915,0.059013626580145515,0.01524669059420046,0.9933177506221501,0.10626522752391251,0.03993112616925501,0.9862555032493915,0.007062247372758623
OKB,low,2809,1966,843,1.4621821771805608,14.334042132362146,0.9910481073089417,0.32220627201451213,0.4118231233949103,0.9978289440593391,1.4621821771805608,14.334042132362146,0.9910481073089417,0.006780836750397423
XDC,low,1962,1373,589,0.001262521277835006,5.4695972495622585e-06,0.9879635680102157,0.0012508991444773357,4.93259682889881e-06,0.994239073144845,0.001262521277835006,5.4695972495622585e-06,0.9879635680102157,0.006275505134629378
ETH,low,3823,2676,1147,55.94090207241333,6019.640760338095,0.9909004950694847,22.735351984259164,3257.791688682313,0.9971518804011971,55.94090207241333,6019.640760338095,0.9909004950694847,0.0062513853317123225
NEAR,low,1927,1348,579,0.08725318175402179,0.023817241691955753,0.9871600269471257,0.15897454642784112,0.08816448269714075,0.9932016087161081,0.08725318175402179,0.023817241691955753,0.9871600269471257,0.006041581768982396
TWT,low,1351,945,406,0.01876324760876826,0.001148204355631758,0.972876440268308,0.0257056292217987,0.0017810402309571163,0.978623205647043,0.01876324760876826,0.001148204355631758,0.972876440268308,0.005746765378734975
ROSE,low,1879,1315,564,0.0013784767095677884,7.5321822159495434e-06,0.9872635552352693,0.003826808455768462,4.801004544810805e-05,0.9928068580338176,0.0013784767095677884,7.5321822159495434e-06,0.9872635552352693,0.005543302798548311
VET,low,2730,1910,820,0.0007615613994058085,1.4716824233055577e-06,0.9844157113736222,0.0014668480367448773,1.5524820742263532e-05,0.9897534288022019,0.0007615613994058085,1.4716824233055577e-06,0.9844157113736222,0.005337717428579691
LPT,low,2578,1804,774,0.30637493307190977,0.290693926104864,0.9887688187944562,0.39709062111544496,0.642133872036955,0.9940147090766979,0.30637493307190977,0.290693926104864,0.9887688187944562,0.00524589028224165
GRT,low,1863,1304,559,0.0037071702317810905,4.4834373625558916e-05,0.9851299768654478,0.016880618118110282,0.0018126508688184216,0.9900890584854697,0.0037071702317810905,4.4834373625558916e-05,0.9851299768654478,0.004959081620021899
DOGE,low,3494,2445,1049,0.0048223810805524785,6.731418349253195e-05,0.9861562400848425,0.0024422272640034146,6.339582883024319e-05,0.9907694880096771,0.0048223810805524785,6.731418349253195e-05,0.9861562400848425,0.00461324792483464
RVN,low,2839,1987,852,0.00045121459356840154,6.472978281703661e-07,0.9869267359451158,0.001613676716206906,1.2785452867024861e-05,0.9913016721006188,0.00045121459356840154,6.472978281703661e-07,0.9869267359451158,0.004374936155502995
TEL,low,2922,2045,877,0.00013125402145966887,5.516942905984808e-08,0.9824920312666128,0.0002360031759276063,5.818888662454772e-07,0.9865740414197202,0.00013125402145966887,5.516942905984808e-08,0.9824920312666128,0.004082010153107385
BTT,low,1467,1026,441,1.3429143114671324e-08,6.820887938628461e-16,0.9867276466658309,2.0016036576945762e-08,1.9089073087537352e-15,0.9907832739564532,1.3429143114671324e-08,6.820887938628461e-16,0.9867276466658309,0.004055627290622255
PAXG,low,1416,991,425,25.45674325851991,2702.8976305669403,0.9943528124854796,7.6885595003798235,138.09804653793537,0.9981895246685877,25.45674325851991,2702.8976305669403,0.9943528124854796,0.003836712183108104
BNB,low,3060,2142,918,11.270747028898015,338.0921536616614,0.9935896611589639,4.081601642264749,98.01929206022537,0.996707027717075,11.270747028898015,338.0921536616614,0.9935896611589639,0.003117366558111123
NEO,low,3094,2165,929,0.31609282606797023,0.23333307312520393,0.9842430866363435,1.0545845708408796,7.172016730073076,0.9871867796109708,0.31609282606797023,0.23333307312520393,0.9842430866363435,0.0029436929746272655
ENS,low,1348,943,405,0.5058133300529369,0.6321385783260403,0.9849055173793301,0.3962418651674043,0.43213479402002514,0.9871389655898125,0.5058133300529369,0.6321385783260403,0.9849055173793301,0.002233448210482436
CHZ,low,2331,1631,700,0.0018352769101935046,1.2146719632521542e-05,0.9886435412030667,0.005463786120648846,0.00014836890213393023,0.9908441311932127,0.0018352769101935046,1.2146719632521542e-05,0.9886435412030667,0.0022005899901459403
THETA,low,2916,2041,875,0.03285841527423959,0.0036862616054942087,0.9910119064794479,0.06994358025698222,0.047184051453676525,0.9924937982866534,0.03285841527423959,0.0036862616054942087,0.9910119064794479,0.001481891807205482
ATOM,low,2460,1722,738,0.13142666786805765,0.057309974616344864,0.9916911396823643,0.3714497181096117,0.5360991805599035,0.9928479769564433,0.13142666786805765,0.057309974616344864,0.9916911396823643,0.0011568372740790034
TFUEL,low,2495,1746,749,0.0012255063979692352,4.225790698289449e-06,0.9926863033523033,0.003534941501617152,8.191457337656108e-05,0.993702924927561,0.0012255063979692352,4.225790698289449e-06,0.9926863033523033,0.0010166215752576147
POL,low,2320,1624,696,0.01271414464003606,0.00048316502676695007,0.9929594604463279,0.02208616524191385,0.0022407879641299245,0.9939216489228789,0.01271414464003606,0.00048316502676695007,0.9929594604463279,0.0009621884765510513
BCH,low,3098,2168,930,10.127232810744568,219.96401667729842,0.9860896437243448,17.389004060385123,1913.6382687953367,0.9868998155114097,10.127232810744568,219.96401667729842,0.9860896437243448,0.0008101717870648839
BTC,low,5670,3968,1702,1059.7614155341616,2018151.9622675534,0.9976646652586939,127.41431096854583,185785.41383568593,0.9978858940236454,1059.7614155341616,2018151.9622675534,0.9976646652586939,0.00022122876495145327
AR,low,2048,1433,615,0.39555527857168554,0.5579591337497427,0.9940034956542501,0.6233686794233011,1.3693085582611286,0.9942102400891919,0.39555527857168554,0.5579591337497427,0.9940034956542501,0.00020674443494184125
BSV,low,2623,1836,787,1.455614713874973,5.340916185977276,0.9883163126781017,3.921379579287257,59.80822772544519,0.9874231783108055,1.455614713874973,5.340916185977276,0.9883163126781017,-0.0008931343672962111
RSR,low,1341,938,403,0.00020510400296820634,9.922815088283372e-08,0.9835158071199863,0.00016218107899207496,9.819671749228682e-08,0.9820073055555635,0.00020510400296820634,9.922815088283372e-08,0.9835158071199863,-0.0015085015644228372
RUNE,low,2229,1560,669,0.08901106021006759,0.03978244340490314,0.9903791707701487,0.15849855142083621,0.1449795541481131,0.9885278405900791,0.08901106021006759,0.03978244340490314,0.9903791707701487,-0.0018513301800695547
XCN,low,1351,945,406,0.00039777542312520925,3.9701252464349805e-07,0.985807492287529,0.000989997224024854,1.9381448239908786e-05,0.9834435777393035,0.00039777542312520925,3.9701252464349805e-07,0.985807492287529,-0.0023639145482254875
XLM,low,3294,2305,989,0.005161026187151031,0.00010815682083093743,0.9900485944355646,0.006177741371116034,0.00020194025523764637,0.9873659543965653,0.005161026187151031,0.00010815682083093743,0.9900485944355646,-0.0026826400389993177
XRP,low,4018,2812,1206,0.038769913691024525,0.005199618116651399,0.9933163616262999,0.014758975996111439,0.0012149948440637267,0.9896949712680863,0.038769913691024525,0.005199618116651399,0.9933163616262999,-0.0036213903582136275
STX,low,3154,2207,947,0.03775219868019761,0.004634766741484744,0.9917146818329083,0.029982117065506114,0.004568801190956228,0.9867373269149737,0.03775219868019761,0.004634766741484744,0.9917146818329083,-0.004977354917934607
ZEC,low,3375,2362,1013,6.228838367024301,118.01576230803254,0.9921972522148287,6.518201283975235,258.47068416628264,0.984717147663321,6.228838367024301,118.01576230803254,0.9921972522148287,-0.007480104551507716
TRX,low,3028,2119,909,0.004110152929179291,3.0419714189522966e-05,0.9959374534397079,0.001538818887925449,1.314198705075512e-05,0.9834883036553621,0.004110152929179291,3.0419714189522966e-05,0.9959374534397079,-0.012449149784345748
GT,low,1352,946,406,0.28431060116552664,0.2461582111531365,0.990188323802196,0.10590454128015285,0.11362885734353675,0.9772709720752917,0.28431060116552664,0.2461582111531365,0.990188323802196,-0.012917351726904336
XAUt,low,1349,944,405,26.155204647596655,3233.435733448526,0.9926530752776669,14.030807116725432,3459.2972994389006,0.9633955474915328,26.155204647596655,3233.435733448526,0.9926530752776669,-0.029257527786134108
DAI,open,2142,1499,643,0.0006124653508140183,2.04731134183535e-05,-46.19564346356543,0.000898030030550189,7.980926801603024e-06,0.8748111764267432,0.0006124653508140183,2.04731134183535e-05,-46.19564346356543,47.07045463999218
USDC,open,2598,1818,780,8.102594547154303e-05,3.5202800586880254e-08,0.5464274642420495,9.661834293851395e-05,1.7028490786407543e-07,0.98977452703333,8.102594547154303e-05,3.5202800586880254e-08,0.5464274642420495,0.44334706279128056
USDD,open,1351,945,406,0.001962960084370638,1.3072005170117287e-05,0.7678729394158814,0.0005210305927344874,2.5528759447811746e-06,0.9576520253710031,0.001962960084370638,1.3072005170117287e-05,0.7678729394158814,0.18977908595512172
AMP,open,1922,1345,577,5.047004373080326e-05,2.5085570538929274e-07,0.8703577355675575,2.113899908402312e-05,5.480435616938038e-08,0.9998696449704041,5.047004373080326e-05,2.5085570538929274e-07,0.8703577355675575,0.12951190940284663
USDT,open,3247,2272,975,4.7818745250035744e-05,1.9568402533787636e-08,0.9437065136505234,7.464579822495556e-05,2.5504888057962106e-07,0.997596814242064,4.7818745250035744e-05,1.9568402533787636e-08,0.9437065136505234,0.05389030059154065
SNX,open,1452,1016,436,0.004129025349385676,0.0030324178865015787,0.9872219959711982,0.003122209911008752,8.647173049639442e-05,0.9999269125566049,0.004129025349385676,0.0030324178865015787,0.9872219959711982,0.012704916585406734
SYRUP,open,1033,723,310,0.08260413736661786,0.1830267671085777,0.9883829754684993,0.057875078192141056,0.021158899934940557,0.9994564712093696,0.08260413736661786,0.1830267671085777,0.9883829754684993,0.011073495740870354
CAKE,open,1942,1359,583,0.0047944662874795825,0.0026859732315657617,0.9893473744829567,0.0037062793734469824,0.00011533628239915293,0.999997835321729,0.0047944662874795825,0.0026859732315657617,0.9893473744829567,0.010650460838772302
CVX,open,1458,1020,438,0.010053970437752224,0.010018526883543252,0.9894858792497243,0.009449196600083146,0.0005419008930597169,0.9999879402956094,0.010053970437752224,0.010018526883543252,0.9894858792497243,0.010502061045885136
ZRX,open,1374,961,413,0.001392020668169243,7.230353320733315e-05,0.9880371001579348,0.001395598261812055,7.561320157629257e-05,0.9971978385968351,0.001392020668169243,7.230353320733315e-05,0.9880371001579348,0.009160738438900307
LEO,open,2411,1687,724,0.06226214455114044,0.025668452144845352,0.9916295950345141,0.006306037745650716,0.00042309941784878197,0.9998176408663446,0.06226214455114044,0.025668452144845352,0.9916295950345141,0.008188045831830526
1INCH,open,1842,1289,553,0.000635682253613816,4.46401264743194e-05,0.9920700314541018,0.0006352334554327808,6.137703800526435e-06,0.999997286913265,0.000635682253613816,4.46401264743194e-05,0.9920700314541018,0.007927255459163174
YFI,open,2009,1406,603,10.494057894422152,12188.85200410251,0.9923941224058922,11.296219288880128,1846.0395094782434,0.9999896821653678,10.494057894422152,12188.85200410251,0.9923941224058922,0.0075955597594755675
GALA,open,1577,1103,474,0.00015032614140405686,4.781044962082644e-07,0.9938882466421607,0.0003508137339052108,4.149595851931833e-06,0.999681373340515,0.00015032614140405686,4.781044962082644e-07,0.9938882466421607,0.005793126698354301
HNT,open,2121,1484,637,0.013618901296245784,0.020457574176914087,0.9943688069921333,0.012506253994808815,0.008041175981275303,0.9999208142002709,0.013618901296245784,0.020457574176914087,0.9943688069921333,0.005552007208137644
UNI,open,1955,1368,587,0.013376008167434209,0.025754349548090253,0.9947193040837893,0.004380747792388649,0.0002508194658690588,0.9999967619361562,0.013376008167434209,0.025754349548090253,0.9947193040837893,0.005277457852366885
ZEN,open,3154,2207,947,0.020473199875636852,0.03099486864306804,0.9949979688973992,0.023337041096329576,0.006722021561071088,0.9999905068505852,0.020473199875636852,0.03099486864306804,0.9949979688973992,0.004992537953185994
SHIB,open,1677,1173,504,2.5963514451950785e-08,1.1476117190976014e-13,0.9951329149357696,9.175174814376985e-09,6.204378331065277e-16,0.9999943606300025,2.5963514451950785e-08,1.1476117190976014e-13,0.9951329149357696,0.004861445694232858
ROSE,open,1879,1315,564,0.0001316235694712284,3.080014557187461e-06,0.9952504304712605,0.00010007295152361828,8.38827001140062e-08,0.9999891308330944,0.0001316235694712284,3.080014557187461e-06,0.9952504304712605,0.004738700361833881
SAND,open,1983,1388,595,0.0006043822473935354,6.067201797624679e-05,0.9955558748646135,0.000555834725740115,3.0981481855549987e-06,0.9999981319568353,0.0006043822473935354,6.067201797624679e-05,0.9955558748646135,0.004442257092221791
RUNE,open,2229,1560,669,0.007363020967556795,0.020205605201748446,0.9955612713507568,0.002822447149731193,0.00028818711512423726,0.9999803750526077,0.007363020967556795,0.020205605201748446,0.9955612713507568,0.004419103701850946
IMX,open,1522,1065,457,0.002065516162062042,0.0005810504793778477,0.9959193116820775,0.0022740775846845983,3.598394811525953e-05,0.9999737515084057,0.002065516162062042,0.0005810504793778477,0.9959193116820775,0.004054439826328249
COMP,open,2045,1431,614,0.09340703543793927,0.7105984938478587,0.9960876682448317,0.10192850920359188,0.05324622317880924,0.9999978240336936,0.09340703543793927,0.7105984938478587,0.9960876682448317,0.003910155788861891
ICP,open,1720,1204,516,0.01329299663632462,0.017651919248473313,0.9966525894999897,0.017817850741328446,0.006115152532633079,0.9999938644467734,0.01329299663632462,0.017651919248473313,0.9966525894999897,0.003341274946783712
FLOW,open,1822,1275,547,0.0012054154956542239,0.000133581367652329,0.9966943667473841,0.004119819154869857,0.0005166569090586444,0.9999935170804231,0.0012054154956542239,0.000133581367652329,0.9966943667473841,0.003299150333038958
EGLD,open,1969,1378,591,0.05065949517043422,0.3254424841253969,0.9967031059752687,0.047571519252453565,0.019837436389136726,0.9999967676466004,0.05065949517043422,0.3254424841253969,0.9967031059752687,0.0032936616713317157
GRT,open,1863,1304,559,0.0005890395879003303,1.1731259074023404e-05,0.9964744248520111,0.0009150013842211212,5.4550676321547795e-05,0.9997414039125722,0.0005890395879003303,1.1731259074023404e-05,0.9964744248520111,0.0032669790605610594
DOT,open,1979,1385,594,0.00673047445234985,0.007971371510961904,0.9967420910504592,0.005328957662430551,0.00044376907892228516,0.9999966788615428,0.00673047445234985,0.007971371510961904,0.9967420910504592,0.0032545878110835647
NFT,open,1479,1035,444,5.622894719001565e-10,9.711057268944771e-18,0.9968144776215476,5.66571297295869e-10,7.14297498258822e-18,0.9999708880409839,5.622894719001565e-10,9.711057268944771e-18,0.9968144776215476,0.003156410419436262
QNT,open,2545,1781,764,0.15952818097443233,1.340045540037566,0.9968935722491062,0.08132973409311924,0.03973665324426918,0.9999927954564641,0.15952818097443233,1.340045540037566,0.9968935722491062,0.003099223207357893
GLM,open,1352,946,406,0.0006531726400832707,6.723755725838066e-06,0.9965202841024274,0.000808741534458385,7.243501588963225e-06,0.9993191988164066,0.0006531726400832707,6.723755725838066e-06,0.9965202841024274,0.0027989147139791948
FTT,open,2359,1651,708,0.002446228446081195,0.0008583997314238833,0.9974267948432282,0.009154512859575175,0.0007125804003814487,0.9999980912958225,0.002446228446081195,0.0008583997314238833,0.9974267948432282,0.0025712964525943516
XEC,open,1577,1103,474,5.345563299825215e-08,2.4415872942755295e-13,0.9974526423856975,4.112421828025647e-08,6.7881363031980324e-15,0.9999959841947423,5.345563299825215e-08,2.4415872942755295e-13,0.9974526423856975,0.002543341809044808
BTT,open,1467,1026,441,9.478495833577724e-10,1.4339710055739583e-16,0.9975238018256202,7.57849395418561e-10,3.413363925747346e-18,0.9999854724815079,9.478495833577724e-10,1.4339710055739583e-16,0.9975238018256202,0.00246167065588776
XDC,open,1962,1373,589,9.307257269468824e-05,1.3098991264619245e-06,0.9973714108668573,8.51358773012198e-05,2.2975747922230237e-07,0.9997583454709233,9.307257269468824e-05,1.3098991264619245e-06,0.9973714108668573,0.0023869346040660266
MANA,open,2110,1477,633,0.0005858849170023274,2.738393155633554e-05,0.9976510940942808,0.0006528763273386427,3.3467444481908047e-06,0.9999957235051949,0.0005858849170023274,2.738393155633554e-05,0.9976510940942808,0.0023446294109141785
CRV,open,1989,1392,597,0.001065423843999586,0.00010468230173559588,0.9978099267501025,0.000824699538539454,8.119878135025978e-06,0.9999947989793593,0.001065423843999586,0.00010468230173559588,0.9978099267501025,0.0021848722292567846
NEAR,open,1927,1348,579,0.005913061489911369,0.004453775582492284,0.997814978471918,0.003850234126911961,0.00034642741259148106,0.999976277553824,0.005913061489911369,0.004453775582492284,0.997814978471918,0.0021612990819059874
GNO,open,1486,1040,446,0.2520704360624219,3.5178500374746973,0.9978478306613351,0.331090259169005,0.719063329916397,0.999929302387978,0.2520704360624219,3.5178500374746973,0.9978478306613351,0.0020814717266428584
AXS,open,1907,1334,573,0.0065432489034620905,0.006258479551421191,0.9979625171315014,0.010813996649556068,0.0010714056989255902,0.9999990439235622,0.0065432489034620905,0.006258479551421191,0.9979625171315014,0.002036526792060789
AAVE,open,1932,1352,580,0.3057372291010321,8.688451196403154,0.9981569979577,0.07959248467497455,0.06144531620315868,0.9999956553117343,0.3057372291010321,8.688451196403154,0.9981569979577,0.0018386573540343232
DCR,open,3794,2655,1139,0.06047384928409281,0.05388490603799591,0.9976419912636201,0.2565217688476379,1.12076839866762,0.9994593552554812,0.06047384928409281,0.05388490603799591,0.9976419912636201,0.001817363991861165
AVAX,open,1949,1364,585,0.033710536191656135,0.10457922230886543,0.9981853954982308,0.0210146373693872,0.012468366054558542,0.9999825966563458,0.033710536191656135,0.10457922230886543,0.9981853954982308,0.0017972011581149916
XTZ,open,2760,1931,829,0.0013313564649692785,0.0001090764698394942,0.9982203511118669,0.0014537954495726583,2.0045681294211207e-05,0.9999916562010428,0.0013313564649692785,0.0001090764698394942,0.9982203511118669,0.0017713050891758897
BSV,open,2623,1836,787,0.07768091228320967,0.7475557269822439,0.9985264369896565,0.051282158431702855,0.030700014159613136,0.9999943615363827,0.07768091228320967,0.7475557269822439,0.9985264369896565,0.0014679245467261737
CHZ,open,2331,1631,700,0.0001090162783034793,1.4908618706478834e-06,0.9987498670090094,0.00012455153003828147,1.2094528800914974e-07,0.9999935110418108,0.0001090162783034793,1.4908618706478834e-06,0.9987498670090094,0.0012436440328014164
IOTA,open,3147,2202,945,0.0005050776811315367,5.666718375172681e-06,0.9987572862361919,0.000849900424915084,8.486349210048194e-06,0.9999825701899895,0.0005050776811315367,5.666718375172681e-06,0.9987572862361919,0.001225283953797618
LPT,open,2578,1804,774,0.016924953751010587,0.03451557117128565,0.9988207881978521,0.009078511539166811,0.0016910060744396293,0.9999861611732955,0.016924953751010587,0.03451557117128565,0.9988207881978521,0.0011653729754433906
RVN,open,2839,1987,852,3.117239193476767e-05,6.388278415246191e-08,0.9988584620753587,3.634319805722798e-05,1.0258728666577503e-08,0.9999938979282466,3.117239193476767e-05,6.388278415246191e-08,0.9988584620753587,0.0011354358528878894
CRO,open,2506,1754,752,0.00020779140516439246,1.9926637281331846e-06,0.9988887808374443,9.297595843093357e-05,2.3825190203135366e-07,0.999985756767903,0.00020779140516439246,1.9926637281331846e-06,0.9988887808374443,0.0010969759304587656
VET,open,2730,1910,820,4.0702429292175536e-05,1.1522404128426314e-07,0.9989059656726406,3.3495447514125444e-05,7.090246497738683e-09,0.999995973327899,4.0702429292175536e-05,1.1522404128426314e-07,0.9989059656726406,0.0010900076552584625
SOL,open,2115,1480,635,0.1385563458133836,1.3640179925937317,0.9989910420216686,0.02487352456894987,0.02039205526613915,0.9999938851742847,0.1385563458133836,1.3640179925937317,0.9989910420216686,0.0010028431526161175
BCH,open,3098,2168,930,0.3813958784545759,16.327684652026132,0.9990305743328833,0.15214831241200477,0.16973721312785994,0.9999990221634588,0.3813958784545759,16.327684652026132,0.9990305743328833,0.0009684478305754807
HBAR,open,2318,1622,696,0.0002049412402021281,4.2940974850177125e-06,0.9990575655733565,7.887666410490248e-05,3.6635923174599666e-08,0.9999967005187287,0.0002049412402021281,4.2940974850177125e-06,0.9990575655733565,0.0009391349453722331
QTUM,open,2982,2087,895,0.012521124573294988,0.0016188932312147975,0.9978587697497591,0.05086505327317448,0.08541416838160427,0.9987848945561667,0.012521124573294988,0.0016188932312147975,0.9978587697497591,0.0009261248064076355
DOGE,open,3494,2445,1049,0.00017801155663826684,4.798286717774703e-06,0.9991101416912175,3.0981895405589e-05,1.4892094189249248e-08,0.9999981407927306,0.00017801155663826684,4.798286717774703e-06,0.9991101416912175,0.0008879991015131594
AR,open,2048,1433,615,0.024549138681295168,0.09162409543040342,0.9991117113961103,0.013244617455181537,0.0016057238955833732,0.9999940492435366,0.024549138681295168,0.09162409543040342,0.9991117113961103,0.0008823378474263066
ATOM,open,2460,1722,738,0.007313991203844305,0.006144141433573449,0.9991680002220727,0.007072360258206768,0.000318511312636801,0.9999962442521687,0.007313991203844305,0.006144141433573449,0.9991680002220727,0.0008282440300959593
LINK,open,3038,2126,912,0.014056926284465612,0.015163042294988764,0.9992065247128651,0.005617109516793825,0.00021424576659637214,0.9999977839819788,0.014056926284465612,0.015163042294988764,0.9992065247128651,0.0007912592691137199
XRP,open,4018,2812,1206,0.0012803864859946667,0.0006308394448917546,0.9992445553801395,0.00017474910881977248,3.690936650411067e-07,0.999997300029636,0.0012803864859946667,0.0006308394448917546,0.9992445553801395,0.000752744649496595
TUSD,open,2606,1824,782,0.00013383525091254268,6.032971124062851e-07,0.9744099637512678,0.0001754396783973055,3.460703735650857e-07,0.9751178017110935,0.00013383525091254268,6.032971124062851e-07,0.9744099637512678,0.0007078379598257634
DASH,open,4299,3009,1290,0.05596345302056495,0.13520105795572793,0.9993016115711036,0.06147571675039192,0.0973788804813476,0.9999966496744965,0.05596345302056495,0.13520105795572793,0.9993016115711036,0.0006950381033928865
NEO,open,3094,2165,929,0.015423457697116193,0.011520474604454994,0.9993014241383721,0.01488565042047733,0.00373861027128611,0.9999944155908724,0.015423457697116193,0.011520474604454994,0.9993014241383721,0.0006929914525003467
ETC,open,3468,2427,1041,0.019435605036474343,0.021087008423953453,0.9993164331789062,0.007878015715586746,0.00044083857361354255,0.999998472356636,0.019435605036474343,0.021087008423953453,0.9993164331789062,0.0006820391777297985
BAT,open,3157,2209,948,0.00044442237228328095,2.6624270816322326e-06,0.9989665736779603,0.0014882333344483202,3.634099560028515e-05,0.9995599138077923,0.00044442237228328095,2.6624270816322326e-06,0.9989665736779603,0.0005933401298320318
THETA,open,2916,2041,875,0.001652049474915711,0.0002580002022045953,0.9994359273849875,0.0014250958300166161,1.72256157697692e-05,0.9999975889684269,0.001652049474915711,0.0002580002022045953,0.9994359273849875,0.000561661583439399
SUN,open,1350,944,406,5.8461892851186324e-05,5.425114953376587e-09,0.9993444521846523,2.672467992479769e-05,4.497590050608429e-09,0.9998739277536776,5.8461892851186324e-05,5.425114953376587e-09,0.9993444521846523,0.0005294755690252728
TFUEL,open,2495,1746,749,0.00010956616941431594,3.2653650912296457e-07,0.9994920427479879,7.721323909910889e-05,8.075413431429931e-08,0.9999945699186705,0.00010956616941431594,3.2653650912296457e-07,0.9994920427479879,0.0005025271706826651
FIL,open,2893,2025,868,0.005206767940282138,0.001849039896611503,0.9995462357444156,0.005512863352088724,0.0008642390282846157,0.9999989850246547,0.005206767940282138,0.001849039896611503,0.9995462357444156,0.00045274928023908423
POL,open,2320,1624,696,0.000990971448229339,3.320407158715594e-05,0.999552706127594,0.00045540145940113294,3.307450707143585e-06,0.9999919406767803,0.000990971448229339,3.320407158715594e-05,0.999552706127594,0.0004392345491863736
TEL,open,2922,2045,877,1.533064734085187e-05,1.4952815605039974e-09,0.9995983916967016,6.126374373616051e-06,1.9951700270282633e-09,0.9999613233140114,1.533064734085187e-05,1.4952815605039974e-09,0.9995983916967016,0.00036293161730982515
LTC,open,4473,3131,1342,0.04225489686162622,0.09882642835616828,0.999705611635527,0.02373529958330675,0.005186259822306668,0.9999988855199405,0.04225489686162622,0.09882642835616828,0.999705611635527,0.0002932738844135807
XMR,open,4013,2809,1204,0.23044744057388677,2.4790985503125618,0.9997258238208462,0.052863404795118356,0.03343035565382999,0.9999964318928662,0.23044744057388677,2.4790985503125618,0.9997258238208462,0.0002706080720200621
ALGO,open,2399,1679,720,0.0002984863424149008,1.1333316560709963e-06,0.9997555761024721,0.00027331256076552495,4.729326580577272e-07,0.9999980060562933,0.0002984863424149008,1.1333316560709963e-06,0.9997555761024721,0.00024242995382117716
ETH,open,3823,2676,1147,1.0118456797477373,169.35519539185714,0.9997597216117223,0.22905085777556272,0.97951469639624,0.9999992065806377,1.0118456797477373,169.35519539185714,0.9997597216117223,0.00023948496891534887
ADA,open,2947,2062,885,0.0006129658703365099,8.908681658422979e-06,0.9997910030043333,0.0002919399287261229,9.539608026980953e-07,0.9999973154219622,0.0006129658703365099,8.908681658422979e-06,0.9997910030043333,0.00020631241762891772
NEXO,open,2804,1962,842,0.0011076947493213283,8.501747676063369e-06,0.9998170573734331,0.0008372348269263583,6.193575054880705e-06,0.9999923138946063,0.0011076947493213283,8.501747676063369e-06,0.9998170573734331,0.0001752565211732282
ENS,open,1348,943,405,0.03584562115588848,0.006463735547008804,0.9998572837402783,0.016598347931800643,0.001691392269545883,0.9999555608773936,0.03584562115588848,0.006463735547008804,0.9998572837402783,9.827713711529906e-05
XLM,open,3294,2305,989,0.00019578818030538845,6.057757313186439e-07,0.9999496077755995,0.00012900160933187966,2.3725258336829541e-07,0.9999872358640851,0.00019578818030538845,6.057757313186439e-07,0.9999496077755995,3.762808848561949e-05
BTC,open,5670,3968,1702,15.149704554321575,32430.17155046825,0.9999636219912098,1.223394666723549,32.77438762402644,0.9999996551250434,15.149704554321575,32430.17155046825,0.9999636219912098,3.603313383360174e-05
PAXG,open,1416,991,425,1.8912639310138815,36.30555291569254,0.9999277415962827,1.0760688535715968,2.8769498182426267,0.9999627081391884,1.8912639310138815,36.30555291569254,0.9999277415962827,3.496654290569001e-05
OKB,open,2809,1966,843,0.059239415801793524,0.0313366180758978,0.9999820315904826,0.009665241185222185,0.0013930984426488685,0.9999930006295954,0.059239415801793524,0.0313366180758978,0.9999820315904826,1.0969039112795897e-05
RSR,open,1341,938,403,1.4653936439071426e-05,1.2832938165438242e-09,0.9998025640036501,1.1492867423488118e-05,1.263664426044567e-09,0.9998102553884187,1.4653936439071426e-05,1.2832938165438242e-09,0.9998025640036501,7.691384768637732e-06
KCS,open,2964,2074,890,0.021452735456902176,0.0014665249689969832,0.9997875177180111,0.019534789924915676,0.007772612666196566,0.9997951151671336,0.021452735456902176,0.0014665249689969832,0.9997875177180111,7.5974491224872764e-06
TRX,open,3028,2119,909,8.881834608706346e-05,1.9456359952335267e-07,0.9999748526134505,3.273544682324799e-05,1.7261699875910434e-08,0.9999812509969568,8.881834608706346e-05,1.9456359952335267e-07,0.9999748526134505,6.398383506245331e-06
BNB,open,3060,2142,918,0.16441436514099783,0.32215669430072036,0.9999942530030568,0.06868747190836207,0.04868122575815302,0.9999984802668328,0.16441436514099783,0.32215669430072036,0.9999942530030568,4.227263776024337e-06
MX,open,1351,945,406,0.0018763754160633925,1.7225238364744154e-05,0.9999056226684243,0.004903976498295943,0.0002512844740410793,0.999817042800525,0.0018763754160633925,1.7225238364744154e-05,0.9999056226684243,-8.857986789934102e-05
CFX,open,1351,945,406,0.0002624039739966517,3.358724803655516e-07,0.9998244477222163,0.00035961762112436853,2.919645077552923e-06,0.9997085857348408,0.0002624039739966517,3.358724803655516e-07,0.9998244477222163,-0.00011586198737556508
INJ,open,1351,945,406,0.027062809590816517,0.0025188916948944234,0.9998377175623601,0.04051180053887314,0.051588813187228494,0.9996632586784271,0.027062809590816517,0.0025188916948944234,0.9998377175623601,-0.00017445888393297082
JST,open,1351,945,406,4.9678648940494346e-05,9.445899208508322e-09,0.9995567860581679,4.823707650258174e-05,2.019883603019449e-08,0.999358195981509,4.9678648940494346e-05,9.445899208508322e-09,0.9995567860581679,-0.00019859007665889994
LDO,open,1356,949,407,0.0014401472779264986,6.817837311416182e-06,0.9999480110320838,0.0025120866488783766,0.0001348515336835962,0.9996955812558854,0.0014401472779264986,6.817837311416182e-06,0.9999480110320838,-0.0002524297761983263
FET,open,1351,945,406,0.0017233788117234179,1.0859330730747636e-05,0.9997962009506345,0.002543454699970772,0.0002717167212928633,0.9995093396084681,0.0017233788117234179,1.0859330730747636e-05,0.9997962009506345,-0.00028686134216637793
TWT,open,1351,945,406,0.001436526295529065,1.2755234809369582e-05,0.9997346466264746,0.001787869796260389,6.150141842221653e-05,0.9993549542857013,0.001436526295529065,1.2755234809369582e-05,0.9997346466264746,-0.0003796923407732855
XCN,open,1351,945,406,5.325180978426277e-05,8.381395663602226e-09,0.9997420097245935,9.824430953820383e-05,1.2816073695600858e-06,0.9990031130672691,5.325180978426277e-05,8.381395663602226e-09,0.9997420097245935,-0.000738896657324406
XAUt,open,1349,944,405,2.495569716922272,12.917330171964043,0.9999720362733645,3.2627442069523775,121.53610664547362,0.9986733315157834,2.495569716922272,12.917330171964043,0.9999720362733645,-0.0012987047575810928
WEMIX,open,1351,945,406,0.003012749741372511,1.485803502429593e-05,0.9995780903800101,0.007955523914959175,0.0021684761889013446,0.9969996722948824,0.003012749741372511,1.485803502429593e-05,0.9995780903800101,-0.0025784180851277094
RAY,open,1351,945,406,0.03646399949145874,0.004752086755977014,0.9965536385361771,0.017444407594666516,0.008673995204930441,0.99364328586492,0.03646399949145874,0.004752086755977014,0.9965536385361771,-0.002910352671257055
STX,open,3154,2207,947,0.00377831691682572,0.0008469213246242849,0.9986352294837879,0.008742217822756042,0.0018978764816191512,0.9952082851695655,0.00377831691682572,0.0008469213246242849,0.9986352294837879,-0.003426944314222413
ZEC,open,3375,2362,1013,10.277147194871382,579.2430817679283,0.9670613658685229,12.905376559083315,3520.449441366872,0.955747760243215,10.277147194871382,579.2430817679283,0.9670613658685229,-0.011313605625307921
GT,open,1352,946,406,0.2169480547206204,0.08653193420964175,0.9966854617310672,0.06920455421424064,0.1841962505467323,0.9668318861540539,0.2169480547206204,0.08653193420964175,0.9966854617310672,-0.02985357557701329
TRAC,open,1351,945,406,0.01636023473932598,0.0003143928122124573,0.967150411102614,0.03573990076967505,0.058827477588025937,0.6294416062122765,0.01636023473932598,0.0003143928122124573,0.967150411102614,-0.3377088048903375
